carparkNumber,address
ACB,BLK 270/271 ALBERT CENTRE BASEMENT CAR PARK
ACM,BLK 98A ALJUNIED CRESCENT
AH1,BLK 101 JALAN DUSUN
AK19,BLOCK 253 ANG MO KIO STREET 21
AK31,BLK 302/348 ANG MO KIO ST 31
AK52,BLOCK 513 ANG MO KIO ST 53
AK6,BLOCK 728 ANG MO KIO AVE 6
AK83,BLK 5022 TO 5095 ANG MO KIO INDUSTRIAL PARK 2
AK9,ANG MO KIO AVENUE 9
AM16,BLK 256A ANG MO KIO STREET 21
AM18,BLK 308C ANG MO KIO AVE 1
AM19,BLK 260 ANG MO KIO ST 21
AM20,BLK 309B ANG MO KIO ST 31
AM22,BLK 316B ANG MO KIO STREET 31
AM32,BLK 255A ANG MO KIO ST 21
AM43,BLK 455 ANG MO KIO ST 44
AM46,BLK 588 ANG MO KIO STREET 52
AM51,BLK 700 ANG MO KIO AVE 6
AM64,BLK 590 ANG MO KIO ST 51
AM79,BLK 596 ANG MO KIO STREEET 52
AM80,BLK 130A ANG MO KIO ST 12
AM81,BLK 132A ANG MO KIO ST 12
AM96,BLK 352A ANG MO KIO STREET 32
AR1L,3 AND 5 DOVER ROAD
AR1M,BLK 2A DOVER ROAD
AR2L,BLK 26 AND 27 DOVER CRESCENT
AR2M,BLK 28 DOVER CRESCENT
AR5M,BLK 19A DOVER CRESCENT
AR7L,12 TO 14 DOVER CLOSE EAST
AR7M,BLK 12A DOVER CLOSE EAST
AR9,BLK 20/22/23 DOVER CRESCENT
AV1,BLK 120/120A/121-127 ALEXANDRA VILLAGE
AV2,BLK 1001/1010 BUKIT MERAH LANE 1/3
A1,BLK 215 ANG MO KIO STREET 22
A10,BLK 201/202 ANG MO KIO STREET 22
A100,BLK 650 ANG MO KIO STREET 61
A11,BLK 223/226/226A-226D ANG MO KIO ST 22
A12,BLK 229/230 ANG MO KIO ST 22
A13,BLK 232/233 ANG MO KIO ST 22
A15,BLK 226E-226H ANG MO KIO ST 22
A2,BLK 206/207 ANG MO KIO STREET 22
A20,BLK 304/307/319 ANG MO KIO ST 31
A21,BLK 325/326/301 ANG MO KIO STREET 31
A23,BLK 347A ANG MO KIO AVENUE 3
A24,BLK 338/340 ANG MO KIO ST 32
A25,BLK 330/337 ANG MO KIO AVE 8
A26,BLK 113/114/118 ANG MO KIO AVE 4
A27,BLK 108/109/110 ANG MO KIO ST 11
A28,BLK 103/105/107 ANG MO KIO ST 11
A29,BLK 347 ANG MO KIO AVENUE 3
A30,BLK 129/134 ANG MO KIO STREET 12
A30A,BLK 133 ANG MO KIO STREET 12
A31,BLK 119/128 ANG MO KIO ST 12
A31A,BLK 125/126 ANG MO KIO STREET 12
A33,BLK 253/254 ANG MO KIO STREET 21
A34,BLK 422/425 ANG MO KIO ST 42
A35,BLK 426/428/435 ANG MO KIO ST 43
A36,BLK 436/443/445 ANG MO KIO ST 43
A37,BLK 446/449/453 ANG MO KIO ST 43
A38,BLK 407/410/421 ANG MO KIO AVE 10
A39,BLK 401/405 ANG MO KIO AVE 10
A4,BLK 217/220 ANG MO KIO AVENUE 1
A40,BLK 471/476 ANG MO KIO ST 44
A41,BLK 466/470 ANG MO KIO ST 44
A42,BLK 461/465 ANG MO KIO ST 44
A43,BLK 457/458/460 ANG MO KIO ST 44
A44,BLK 459/456 ANG MO KIO ST 44
A45,BLK 570/578 ANG MO KIO ST 51
A47,BLK 562/565/560 ANG MO KIO STREET 54
A48,BLK 571/73 ANG MO KIO ST 51
A49,BLK 555/559 ANG MO KIO STREET 54
A50,BLK 548/552/556 ANG MO KIO STREET 54
A51,BLK 252/253A ANG MO KIO STREET 21
A52,BLK 701/716 ANG MO KIO AVE 3/6
A52L,BLK 700B/ 700C ANG MO KIO AVE 3/6
A53,BLK 712A ANG MO KIO AVE 3/6
A54,BLK 727/728 ANG MO KIO AVE 6
A55,BLK 729/730 ANG MO KIO AVE 6/8
A56,BLK 725/730 ANG MO KIO AVE 8
A57,BLK 720/723 ANG MO KIO AVE 8
A58,BLK 721/722 ANG MO KIO AVE 8
A59,BLK 547/551 ANG MO KIO ST 54
A60,BLK 540/546 ANG MO KIO ST 54
A61,BLK 520/534/529 ANG MO KIO AVE 5/10
A63,BLK 501/513/508 ANG MO KIO ST 52/53
A64,BLK 584/586 ANG MO KIO ST 51
A65,BLK 558/560 ANG MO KIO STREET 54
A66,BLK 601/604/603 ANG MO KIO AVE 5
A67,BLK 605/612 ANG MO KIO AVE 4/5
A68,BLK 620/624/626 ANG MO KIO ST 61
A69,BLK 623/625/627 ANG MO KIO ST 61
A7,BLK 212/213 ANG MO KIO STREET 23
A70,BLK 629/626 ANG MO KIO AVE 4
A71,BLK 628/632 ANG MO KIO ST 61
A72,BLK 633/640 ANG MO KIO ST 61
A73,BLK 641/645 ANG MO KIO ST 61
A74,BLK 646/649 ANG MO KIO ST 61
A75,BLK 177/182 ANG MO KIO AVE 4
A76,BLK 613A ANG MO KIO AVENUE 4
A77,BLK 150/156 ANG MO KIO AVE 5
A78,BLK 157/163 ANG MO KIO AVE 4
A8,BLK 209/210 ANG MO KIO STREET 22
A81,BLK 170/172 ANG MO KIO ST 13
A82,BLK 173/176 ANG MO KIO AVE 4
A83,BLK 5022 TO 5095 ANG MO KIO IND PARK 2
A85,BLK 340 ANG MO KIO ST 32
A86,BLK 4001-4003/4026-4028/4033-4035 ANG MO KIO IND PARK 1
A87,BLK 462/463 ANG MO KIO ST 44
A88,BLK 348 ANG MO KIO AVE 3
A89,BLK 101/102 ANG MO KIO ST 11
A9,BLK 202/203 ANG MO KIO STREET 22
A90,BLK 625/627 ANG MO KIO ST 61
A94,BLK 104C ANG MO KIO STREET 11
A95,BLK 323A ANG MO KIO AVENUE 3
A98,BLK 259 ANG MO KIO AVE 2
A99,BLK 181 ANG MO KIO AVE 5
BA1,106 BIDADARI PARK DRIVE
BA2,BLK 117 ALKAFF CRESCENT
BA3,BLK 101 BIDADARI PARK DRIVE
BBB,BLK 232 BRAS BASAH BASEMENT CAR PARK
BBM1,BLK 188A BUKIT BATOK WEST AVE 6
BBM2,BLK 628A BUKIT BATOK CENTRAL
BBM3,BLK 289H BUKIT BATOK STREET 25
BBM4,BLK 288H BUKIT BATOK STREET 25
BBM5,BLK 290H BUKIT BATOK STREET 24
BBM6,BLK 291F BUKIT BATOK STREET 24
BBM7,BLK 154A BUKIT BATOK WEST AVE 8
BBM8,BLK 622A BUKIT BATOK CENTRAL
BBM9,BLK 395A BUKIT BATOK WEST AVE 5
BE10,BLKS 168-180 BISHAN STREET 13
BE11,BLK 181-186 BISHAN STREET 13
BE12,BLK 187-197 BISHAN STREET 13
BE13,BLK 135A BISHAN STREET 12
BE14,BLK 167A BISHAN STREET 13
BE15,BLK 152A BISHAN STREET 11
BE16,BISHAN PARK I
BE17,BISHAN PARK II
BE18,BLK 441-455 SIN MING/BRIGHT HILL DRIVE
BE19,BLK 503/504 BISHAN STREET 11
BE20,BLK 505 BISHAN STREET 11
BE21,BLK 506/509 BISHAN STREET 11
BE22,BLK 511/513 BISHAN STREET 13
BE23,BLK 514 BISHAN STREET 13
BE24,BLK 201/206 BISHAN STREET 23
BE25,BLK 207A BISHAN STREET 23
BE26,BLK 207/212/216/217 BISHAN STREET 23
BE27,BLK 212A BISHAN STREET 23
BE28,"BLK 213-215,218-227 BISHAN STREET 23"
BE29,BLK 228-231 BISHAN STREET 23
BE3,BLK 401-408 SIN MING AVE
BE3R,BLK 410A SIN MING AVE
BE30,BLK 231A BISHAN STREET 23
BE31,BLK 232-237 BISHAN STREET 22
BE32,BLK 237A BISHAN STREET 22
BE33,BLK 238-245 BISHAN STREET 22
BE34,BLK 246A BISHAN STREET 22
BE35,BLK 246-256 BISHAN STREET 22
BE36,BLK 278-281 BISHAN STREET 24
BE37,BLK 282 BISHAN STREET 22
BE38,BLK 283/284 BISHAN STREET 22
BE39,BLK 263A BISHAN STREET 22
BE4,BLK 101-116 BISHAN STREET 12
BE40,BLK 268A BISHAN STREET 24
BE42,BLK 290A BISHAN STREET 24
BE44,BLK 448A BRIGHT HILL DRIVE
BE45,BLK 275 BISHAN ST 24
BE5,BLK 117-134 BISHAN STREET 12
BE6,BLK 135/138 BISHAN STREET 12
BE7,BLK 139-144 BISHAN STREET 12
BE8,"BLK 145-150A, 151 BISHAN STREET 11"
BE9,BLK 153-167 BISHAN STREET 13
BH1,BLK 1 THOMSON ROAD
BH2,BLK 2 BALESTIER ROAD
BJMP,BLK 259B BANGKIT ROAD
BJ1,BLK 130-140 CASHEW ROAD
BJ10,BLK 234-241 BUKIT PANJANG RING ROAD
BJ11,BLK 242-245 BUKIT PANJANG RING ROAD
BJ12,BLK 246-255 BANGKIT ROAD
BJ13,BLK 270-277 BANGKIT ROAD
BJ14,BLK 257 BANGKIT ROAD
BJ15,BLK 259A BANGKIT ROAD
BJ16,BLK 259A BANGKIT ROAD
BJ17,BLK 401A FAJAR ROAD
BJ18,BLK 401-408 FAJAR ROAD
BJ19,BLK 409-419 FAJAR ROAD
BJ2,BLK 141-151 GANGSA/PETIR ROAD
BJ20,BLK 420-426 FAJAR ROAD
BJ21,BLK 427-435 BUKIT PANJANG RING ROAD
BJ22,BLK 256/257/260 BANGKIT ROAD
BJ23,BLK 258 BUKIT PANJANG RING ROAD
BJ24,BLK 436-441 FAJAR ROAD
BJ25,BLK 453A FAJAR ROAD
BJ26,BLK 449A BUKIT PANJANG RING ROAD
BJ27,BLK 442A FAJAR ROAD
BJ28,BLK 170A LOMPANG ROAD
BJ29,BLK 505A JELAPANG ROAD
BJ3,BLK 101/129 GANGSA ROAD/PENDING ROAD
BJ30,BLK 510A JELAPANG ROAD
BJ31,BLK 513A JELAPANG ROAD
BJ32,BLK 518A JELAPANG ROAD
BJ33,BLK 234A BUKIT PANJANG RING ROAD
BJ34,BLK 517A JELAPANG ROAD
BJ35,BLK 521A JELAPANG ROAD
BJ36,BLK 525A JELAPANG ROAD
BJ37,BLK 529A JELAPANG ROAD
BJ38,BLK 533A BUKIT PANJANG RING ROAD
BJ39,BLK 537A BUKIT PANJANG RING ROAD
BJ4,BLK 219/233 PETIR ROAD
BJ40,BLK 541A BUKIT PANJANG RING ROAD
BJ41,BLK 152A GANGSA ROAD
BJ42,BLK 163A GANGSA ROAD
BJ43,BLK 603A SENJA ROAD
BJ44,BLK 177A LOMPANG ROAD
BJ45,BLK 180A LOMPANG ROAD
BJ48,BLK 651A SENJA LINK
BJ49,BLK 611A/613A/615A/616A BUKIT PANJANG RING ROAD/SENJA ROAD
BJ5,BLK 225A PETIR ROAD MSCP
BJ50,BLK 468A SEGAR ROAD
BJ51,BLK 181A JELEBU ROAD
BJ52,BLK 185A JELEBU ROAD
BJ53,BLK 480A SEGAR ROAD
BJ54,BLK 476A SEGAR ROAD
BJ55,BLK 625A SENJA ROAD
BJ56,BLK 629A SENJA ROAD
BJ57,BLK 628 SENJA RD
BJ58,BLK 455A SEGAR ROAD
BJ59,BLK 488A SEGAR ROAD
BJ6,BLK 217A PETIR ROAD MSCP
BJ60,BLK 547 SEGAR ROAD
BJ61,BLK 548 SEGAR ROAD
BJ62,BLK 454 FAJAR ROAD
BJ63,BLK 443 FAJAR ROAD
BJ65,BLK 632 SENJA ROAD
BJ66,BLK 634 SENJA ROAD
BJ67,BLK 636 SENJA ROAD
BJ68,BLK 422A FAJAR ROAD
BJ8,BLK 201/218 PETIR ROAD
BKE1,BLK 668 CHANDER ROAD
BKE2,BLK 681/682 RACE COURSE ROAD
BKE3,BLK 682/683 RACE COURSE ROAD
BKE4,BLK 684/685 RACE COURSE ROAD
BKE7,BLK 678 PERUMAL ROAD
BKE9,BLK 668 CHANDER ROAD
BKRM,BLK 6A BOON KENG ROAD
BLM,BLK 10 BENDEMEER ROAD
BL10,BLK 188/191 BOON LAY DRIVE
BL13,BLK 198/206 BOON LAY DRIVE
BL15,BLK 257A BOON LAY DRIVE
BL17,BLK 268 BOON LAY DRIVE
BL18,BLK 208A BOON LAY PLACE
BL19,BLK 212A BOON LAY PLACE
BL20,180 BOON LAY DRIVE
BL21,183 BOON LAY AVENUE
BL22,196 BOON LAY DR
BL23,216 BOON LAY AVE
BL3,BLK 174/179 BOON LAY DRIVE
BL8,BLK 221 BOON LAY PLACE
BL8L,BLK 221 BL8 BOON LAY PLACE
BL9,BLK 185/187 BOON LAY AVE
BMVM,BLK 126A BUKIT MERAH VIEW
BM1,BLK 28 JALAN BUKIT MERAH
BM10,BLK 56/57 LENGKOK BAHRU
BM12,BLK 55 LENGKOK BAHRU
BM13,BLK 44/47 LENGKOK BAHRU
BM14,BLK 34-36 JALAN RUMAH TINGGI
BM19,BLK 88/89 REDHILL CLOSE
BM2,BLK 28 HOY FATT ROAD
BM20,BLK 89/90 REDHILL CLOSE
BM21,BLK 17 REDHILL CLOSE
BM25,BLK 13 REDHILL CLOSE
BM26,BLK 1/3/5 JALAN BUKIT MERAH
BM27,BLK 115/116 BUKIT MERAH CENTRAL
BM28,"BLK 117, 161 BUKIT MERAH CENTRAL"
BM29,BLK 163 BUKIT MERAH CENTRAL
BM3,BLK 49/50 HOY FATT ROAD
BM30,BLK 164/165 BUKIT MERAH CENTRAL
BM31,BLK 119 BUKIT MERAH CENTRAL
BM33,BLKS 167-169 JALAN BUKIT MERAH
BM34,BLK 8/9 REDHILL CLOSE
BM35,BLK 1/5/7 REDHILL CLOSE
BM36,JALAN BUKIT MERAH
BM4,BLK 35A JALAN RUMAH TINGGI
BM5,BLKS 8/10 JALAN RUMAH TINGGI
BM6,BLK 61 LENGKOK BAHRU
BM9,BLK 58/59 LENGKOK BAHRU
BP1,BLK 101/109 BUKIT PURMEI ROAD
BP2,BLK 110/115 BUKIT PURMEI ROAD
BRBL,BLK 665 BUFFALO ROAD LOADING/UNLOADING BAYS
BRB1,BLK 665 BUFFALO ROAD BASEMENT CAR PARK
BRM,BLK 39 BENDEMEER ROAD
BRM1,BLK 112A WHAMPOA ROAD
BRM2,BLK 32A JALAN BAHAGIA
BRM3,BLK 98A WHAMPOA DRIVE
BRM4,BLK 85A WHAMPOA DRIVE
BRM5,BLK 19A JALAN TENTERAM
BRM6,BLK 116 JALAN TENTERAM
BRM7,BLK 78A LORONG LIMAU
BR10,BLK 90 WHAMPOA DRIVE
BR11,BLKS 27-30 & 32-33 JALAN BAHAGIA
BR12,BLKS 34/35 JALAN BAHAGIA
BR14,BLK 20 JALAN TENTERAM
BR18,BLK 111A ST MICHAEL BUS TERMINAL
BR21,BLK 41/47 JALAN BAHAGIA
BR22,BLK 61/62 JALAN MA'MOR
BR4,BLK 81/89 WHAMPOA DRIVE
BR5,BLK 74/75 WHAMPOA DRIVE
BR6,BLK 92 WHAMPOA DRIVE
BR8,BLK 76/77 LORONG LIMAU
BR9,BLK 69 MOULMEIN ROAD
BTM,BLK 2B BOON TIONG ROAD
BTM2,BLK 8C BOON TIONG RD
BTM3,BLK 11A BOON TIONG ROAD
BVM2,BLK 129A BUKIT MERAH VIEW
BWM,BLK 2A JLN BUKIT MERAH
B10,BLK 404/413 BEDOK NORTH AVENUE 3
B10M,BLK 431 BEDOK NORTH ROAD
B11,BLK 416/418 BEDOK NORTH AVENUE 2
B12,BLK 420/421 BEDOK NORTH STREET 1
B13,BLK 414/425 BEDOK NORTH ROAD
B14,BLK 412/413 BEDOK NORTH AVENUE 2
B16,BLK 32/63 BEDOK SOUTH AVENUE 2
B17,BLK 52/57 NEW UPPER CHANGI ROAD
B19,BLK 37/38/43/60 BEDOK SOUTH ROAD
B20,BLK 67/73 BEDOK SOUTH ROAD
B21,BLK 74/82 BEDOK NORTH ROAD
B23M,BLK 187 BEDOK NORTH ST 4
B24,BLK 84/89 BEDOK NORTH AVENUE 4
B24A,BLK 84 BEDOK NORTH STREET 4
B25,BLK 91/97 BEDOK NORTH AVENUE 4
B26,BLK 98/100 BEDOK NORTH AVENUE 4
B27,BLK 101/106 BEDOK NORTH AVENUE 4
B28,BLK 107/110 BEDOK NORTH ROAD
B30,BLK 119/123 BEDOK NORTH STREET 2
B31,BLK 124/129 BEDOK NORTH STREET 2
B32,BLK 130/132 BEDOK NORTH STREET 2
B33,BLK 131/133 BEDOK NORTH AVENUE 3
B34,BLK 134/136 BEDOK NORTH AVENUE 3
B35,BLK 137/140 BEDOK NORTH AVENUE 3
B40,BLK 504/507 BEDOK NORTH STREET 3
B41,BLK 510 BEDOK NORTH STREET 3
B42,BLK 509/511 BEDOK NORTH STREET 3
B43,BLK 519/522 553 BEDOK NORTH AVENUE 1/2
B44,BLK 528/536 BEDOK NORTH STREET 3
B44A,BLK 523/527 BEDOK NORTH STREET 3
B44B,BLKS 556/557 BEDOK NORTH STREET 3
B45,BLK 537/539 BEDOK NORTH STREET 3
B46,BLK 537/538 BEDOK NORTH STREET 3
B47,BLK 540/542 BEDOK NORTH STREET 3
B48,BLK 543/547 BEDOK NORTH STREET 3
B49,BLK 549/551 BEDOK NORTH AVENUE 1
B50,BLK 601/605 BEDOK RESERVOIR ROAD
B50A,BLK 606/610 BEDOK RESERVOIR ROAD
B50B,BLK 609A BEDOK RESERVOIR ROAD
B51,BLK 611/616 BEDOK RESERVOIR ROAD
B52,BLK 617/624 BEDOK RESERVOIR ROAD
B53,BLK 625/629 BEDOK RESERVOIR ROAD
B54,BLK 630/632 BEDOK RESERVOIR ROAD
B57,BLK 701/708 BEDOK RESERVOIR ROAD
B59,BLK 716/718/721 BEDOK RESERVOIR ROAD
B6,BLK 204/209 NEW UPPER CHANGI ROAD
B6M,BLK 208A NEW UPPER CHANGI ROAD
B6T,BLK 23 BEDOK SOUTH AVENUE 1
B60,BLK 722/725 BEDOK RESERVOIR ROAD
B63,BLK 739/745 BEDOK RESERVOIR ROAD
B65,BLK 155/172 BEDOK SOUTH ROAD/AVE 3
B66,BLK 637A BEDOK RESERVOIR ROAD
B67,BLK 649A JALAN TENAGA
B68,BLK 10A BEDOK SOUTH AVENUE 2
B69,BLK 94A BEDOK NORTH AVENUE 4
B7,BLK 211/218 BEDOK NORTH STREET 1
B7A,BLK 216/218 BEDOK NORTH ST 1
B7B,BEDOK CENTRAL
B70,BLK 201 BEDOK NORTH ST 1
B71,BLK 29C CHAI CHEE AVENUE
B72,BLK 660A JALAN TENAGA
B73,BLK 651A JALAN TENAGA
B74,BLK 671A JALAN DAMAI
B75,BLK 613C BEDOK RESERVOIR ROAD
B76,BLK 761A BEDOK RESERVOIR VIEW
B77,BLK 765A BEDOK RESERVOIR VIEW
B78,BLK 769A BEDOK RESERVOIR VIEW
B79,BLK 772A BEDOK RESERVOIR VIEW
B8,BLK 201/203 BEDOK NORTH STREET 1
B80,BLK 739A BEDOK RESERVOIR ROAD
B81,BLK 30A NEW UPPER CHANGI ROAD
B82,BLK 509B BEDOK NORTH STREET 3
B83,BLK 21A CHAI CHEE ROAD
B84,BLK 215A BEDOK CENTRAL
B85,BLK 184 BEDOK NORTH RD
B86,BLK 114A BEDOK NORTH ST 2
B87,BLK 13A BEDOK SOUTH RD
B88,BLK 34A BED0K SOUTH AVE 2
B89,BLK 116A BEDOK NORTH ROAD
B9,BLK 402/403 BEDOK NORTH AVENUE 3
B90,BLK 35A BEDOK SOUTH AVE 2
B91,BLK 630 BEDOK RESERVOIR ROAD
B92,BLK 2A BEDOK SOUTH AVE 1
B93,BLK 19A BEDOK SOUTH ROAD
B94,BLK 513A BEDOK NORTH AVE 2
B94A,"BLK 512 TO 518, 554 BEDOK NORTH AVE 2"
B95,BLK 220 BEDOK CENTRAL
B96,BLK 219 BEDOK CENTRAL
B97,BLK 714A BEDOK RESERVOIR ROAD
B98,BLK 748 BEDOK RESERVOIR CRESCENT
B99M,BLK 807 CHAI CHEE ROAD
CAM,BLK 88 TANGLIN HALT RD
CCKC,309 CHOA CHU KANG AVE 4
CCM,BLK 84A COMMONWEALTH CLOSE
CC1,BLK 1/2 CHAI CHEE STREET
CC10,BLK 43/45 CHAI CHEE STREET
CC11,BLK 50/54 CHAI CHEE STREET
CC12,BLK 11 CHAI CHEE ROAD
CC4,"BLK 22/24, 59/63, 803/805 CHAI CHEE ROAD"
CC5,BLK 27 CHAI CHEE ROAD
CC6,BLK 25-27 CHAI CHEE ROAD
CC7,BLK 30/40 CHAI CHEE AVENUE
CC8,BLK 55/58 CHAI CHEE DRIVE
CC9,BLK 41/42 CHAI CHEE STREET
CDM,BLK 54 C'WEALTH DR
CKM1,BLK 429A CHOA CHU KANG AVENUE 4
CKM2,BLK 625A CHOA CHU KANG STREET 62
CKM3,BLK 445A CHOA CHU KANG AVE 4
CKM4,BLK 474A CHOA CHU KANG AVE 3
CKM5,BLK 450A CHOA CHU KANG AVE 4
CKM6,BLK 462A CHOA CHU KANG AVE 4
CKM7,BLK 483A CHOA CHU KANG AVE 5
CKM8,BLK 486A CHOA CHU KANG AVE 5
CKM9,BLK 297B CHOA CHU KANG AVE 2
CKT1,BLK BETWEEN 404 & 426 CHOA CHU KANG AVENUE 1/4
CKT2,BLK 302 CHOA CHU KANG LOOP
CK1,BLK 101/108 TECK WHYE LANE
CK10,BLK 227A CHOA CHU KANG CENTRAL
CK11,BLK 287A CHOA CHU KANG AVENUE 2
CK12,BLK 409/413 CHOA CHU KANG AVE 3
CK13,BLK 414-420 CHOA CHU KANG AVENUE 4
CK14,BLK 278/287 CHOA CHU KANG AVENUE 2/3
CK15,BLK 288/295 CHOA CHU KANG AVENUE 2/3
CK16,BLK 401/408 CHOA CHU KANG AVE 3
CK17,BLK 421/428 CHOA CHU KANG AVENUE 4
CK18,BLK 130/132 CHOA CHU KANG AVE 1
CK19,BLK 133/134 TECK WHYE LANE
CK2,BLK 109/117 TECK WHYE LANE
CK20,"BLK 429, 438-441 CHOA CHU KANG AVENUE 4"
CK22,BLK 343A CHOA CHU KANG LOOP
CK23,BLK 430-437 CHOA CHU KANG AVENUE 4
CK24,BLK 350-351 CHOA CHU KANG CENTRAL
CK25,BLK 352-355 CHOA CHU KANG CENTRAL
CK26,"BLK 302, 304-308 CHOA CHU KANG LOOP"
CK28,BLK 276A CHOA CHU KANG AVENUE 2
CK29,BLK 276/277 CHOA CHU KANG AVENUE 2
CK3,BLK 118/124 TECK WHYE LANE
CK3A,BLK 118A TECK WHYE LANE
CK30,BLK 248/250 CHOA CHU KANG AVENUE 2
CK31,BLK 251A CHOA CHU KANG AVENUE 2
CK32,BLK 253A CHOA CHU KANG AVE 1
CK33,BLK 502A CHOA CHU KANG STREET 51
CK34,BLK 511A CHOA CHU KANG STREET 51
CK35,BLK 513A CHOA CHU KANG STREET 51
CK36,BLK 527A CHOA CHU KANG STREET 51
CK37,BLK 552A CHOA CHU KANG STREET 52
CK38,BLK 541A CHOA CHU KANG STREET 52
CK39,BLK 559A CHOA CHU KANG NORTH 6
CK4,"BLK 135-138,141,142 & 145 TECK WHYE LANE/AVE"
CK4A,BLK 144/145 TECK WHYE LANE/AVE
CK40,BLK 567A CHOA CHU KANG STREET 52
CK41,BLK 708A CHOA CHU KANG STREET 53
CK42,BLK 754A CHOA CHU KANG NORTH 5
CK44,BLK 762A CHOA CHU KANG NTH 5
CK45,BLK 771A CHOA CHU KANG ST 54
CK46,BLK 792A CHOA CHU KANG NTH 6
CK47,BLK 787A CHOA CHU KANG DRIVE
CK48,BLK 604A CHOA CHU KANG ST 62
CK49,BLK 610A CHOA CHU KANG ST 62
CK5,BLK 139 & 140 TECK WHYE LANE/AVE
CK50,BLK 611A CHOA CHU KANG ST 62
CK51,BLK 621A CHOA CHU KANG NORTH 7
CK52,BLK 659A/660A/661A CHOA CHU KANG CRESCENT
CK53,BLK 668A CHOA CHU KANG CRESCENT
CK54,BLK 638-643 CHOA CHU KANG STREET 64
CK55,BLK 631-637 & 636A CHOA CHU KANG NORTH 6
CK56,BLK 675A CHOA CHU KANG CRESCENT
CK57,BLK 669A CHOA CHU KANG CRESCENT
CK58,BLK 678A CHOA CHU KANG CRESCENT
CK59,BLK 297A CHOA CHU KANG AVE 2
CK6,"BLK 143, 144 & 146 TECK WHYE LANE"
CK6A,BLK 146A 146A TECK WHYE AVENUE
CK60,BLK 683 CHOA CHU KANG CRESCENT
CK61,BLK 686 CHOA CHU KANG CRESCENT
CK62,BLK 687 CHOA CHU KANG DRIVE
CK63,BLK 689 CHOA CHU KANG CRESCENT
CK64,BLK 692 CHOA CHU KANG CRESCENT
CK65,"BLK 535,536 AND 537 CHOA CHU KANG STREET 51"
CK66,BLK 573A CHOA CHU KANG STREET 52
CK7,BLK 135A TECK WHYE LANE
CK70,BLK 476 CHOA CHU KANG AVE 5
CK71,BLK 488 CHOA CHU KANG AVE 5
CK72,BLK 489 CHOA CHU KANG AVE 5
CK73,BLK 801 KEAT HONG CLOSE
CK74,BLK 805 KEAT HONG CLOSE
CK75,BLK 809 CHOA CHU KANG AVENUE 1
CK76,BLK 810 CHOA CHU KANG AVE 7
CK77,BLK 815 CHOA CHU KANG AVE 7
CK78,817 KEAT HONG LINK
CK8,BLK 201-221 CHOA CHU KANG CENTRAL
CK8A,BLK 203A CHOA CHU KANG AVE 1/CENTRAL
CK9,BLK 223-227 CHOA CHU KANG CENTRAL
CK9A,BLK 228-239 CHOA CHU KANG CENTRAL
CLM,BLK 129A CLARENCE LANE
CLRG,312 CLEMENTI AVE 4
CLTR,BLK 311 CLEMENTI AVE 4
CM1,BLK 10 CANTONMENT CLOSE
CR1,BLK 1/3/15/17 BEACH ROAD
CR1A,BLK 2 BEACH ROAD
CR1B,BLK 3 BEACH ROAD
CR2,BLK 3/4 BEACH ROAD
CR29,BLK 29/30 KELANTAN LANE
CR3,BLK 9 NORTH BRIDGE ROAD
CR30,BLK 639/640 ROWELL COURT
CR31,BLK 632/633/635 VEERASAMY ROAD
CR4,BLK 7 NORTH BRIDGE ROAD
CR5,BLK 18/19 JALAN SULTAN
CR6,BLK 10 NORTH BRIDGE ROAD
CR7,BLK 464/463 CRAWFORD LANE
CSM,BLK 54 CHIN SWEE ROAD MSCP
CTM1,BLK 441 COMMONWEALTH AVE WEST
CVBK,BLK 8C BOON KENG ROAD
CV1,BLK 1/1A TELOK PAKU ROAD
CV2,BLK 3 CHANGI VILLAGE ROAD
CV3,BLK 5 CHANGI VILLAGE ROAD
CV4,BLK 6 CHANGI VILLAGE ROAD
CY,BLK 269/269A/269B CHENG YAN COURT CAR PARK
C10,"BLK 339,341,344-345,371-381 CLEMENTI AVENUE 5"
C11,"BLK 321-322,324-326 CLEMENTI AVENUE 5"
C12,"BLK 301-302,305-308 CLEMENTI AVENUE 4"
C13M,BLK 309A CLEMENTI AVE 4
C14M,BLK 318A CLEMENTI AVE 4
C15M,BLK 440 CLEMENTI AVE 3
C16,BLK 430-435 CLEMENTI AVE 3
C17,"BLK 442-444,442A CLEMENTI AVE 3"
C18,BLK 426/428 CLEMENTI AVE 3
C18A,BLK 426/427 CLEMENTI AVE 3
C19M,BLK 445 CLEMENTI AVE3
C20,BLK 449-451 CLEMENTI AVE 3
C20M,BLK 462A CLEMENTI AVENUE 3
C21L,BLK 454 TO 460 CLEMENTI AVE 3
C21M,BLK 455A CLEMENTI AVE 3
C22M,BLK 109A CLEMENTI ST 11
C24,BLK 110/118 CLEMENTI STREET 13
C25,BLK 101-104 CLEMENTI STREET 14
C26,BLK 105-107 CLEMENTI STREET 12
C27,BLK 108/109 CLEMENTI STREET 11
C28,BLK 201/206 CLEMENTI AVENUE 6
C28M,BLK 208 CLEMENTI AVE 6
C29,BLK 501-505 WEST COAST DRIVE
C29A,BLK 503 WEST COAST DRIVE
C3M,BLK 416A CLEMENTI AVE 1
C3ML,"BLK 419, 420 AND 420A CLEMENTI AVE 1"
C30,BLK 507-509 WEST COAST DRIVE
C31,BLK 510/511 WEST COAST ROAD
C32,BLK 514-519 WEST COAST ROAD
C33,BLK 601-613 CLEMENTI WEST STREET 1
C34,BLK 702/703 WEST COAST ROAD
C35,BLK 704-714 CLEMENTI WEST STREET 2
C36,BLK 728/729 CLEMENTI WEST STREET 2
C37,"BLK 720-727,730-731 CLEMENTI WEST STREET 2"
C38,BLK 715-717 CLEMENTI WEST STREET 2
C39,CLEMENTI SPORTS COMPLEX
C4M,BLK 413A COMMONWEALTH AVENUE WEST
C41,CLEMENTI WOODS
C5,"BLK 358-360,362-363,366-367 CLEMENTI AVE 2"
C6,BLK 328-334 CLEMENTI AVE 2
C7,BLK 349-355 CLEMENTI AVE 2
C8,BLK 335/338 CLEMENTI AVE 2
C9,BLK 340/342/343/346-348 CLEMENTI AVE 5
DRM1,BLK 104C DEPOT ROAD
DRM2,BLK 112C DEPOT ROAD
DRM3,108A DEPOT ROAD
DRM4,BLK 105 DEPOT ROAD
DRM5,BLOCK 110 DEPOT ROAD
DRS,BLK 102A/102B DEPOT ROAD
DUXM,BLK 1 CANTONMENT ROAD
DWST,BLK 89A DAWSON ROAD
DWSV,BLK 85 DAWSON ROAD
DWVT,BLK 78A DAWSON ROAD
ECM,BLK 31A EUNOS CRESCENT
EC2,BLK 12-25 EUNOS CRESCENT
EC3,BLK 5-8/11/4A EUNOS CRESCENT
EC4,BLK 1-3/1A EUNOS CRESCENT
EC5,BLK 9-10 EUNOS CRESCENT
EC7,BLK 842-848 SIMS AVENUE
EC7T,BLK 842 TO 848 SIM AVENUE
EC8,BLK 2A EUNOS MRT SIMS AVENUE
EI1,BLK 1001-1085 EUNOS INDUSTRIAL ESTATE
EI3,BLK 410/411/414-417 EUNOS ROAD 5
EPL,BLK 1/7 EVERTON PARK
EPM,BLK 6A EVERTON ROAD
FRM,BLK 808 FRENCH ROAD MSCP
FR2C,BLK 3/4 QUEEN'S ROAD
FR2S,BLK 2/3/4 QUEEN'S ROAD
FR3M,BLK 8A EMPRESS ROAD
FR4M,BLK 6A FARRER ROAD
GBM,BLK 60A GEYLANG BAHRU
GEM,BLK 118 ALJUNIED AVE 2
GEML,BLK 118 ALJUNIED AVE 2
GE1A,BLK 99-106/111-112 ALJUNIED CRESCENT
GE1B,BLK 114-117 ALJUNIED AVENUE 2
GE1C,BLK 119 ALJUNIED CRESCENT
GE1D,BLK 1005-1012 ALJUNIED CRESCENT
GE1E,BLK 109-110 ALJUNIED CRESCENT
GE1F,BLK 107-108 ALJUNIED CRESCENT
GE1G,BLK 95 & 113 ALJUNIED CRESCENT
GE2,BLK 120 TO 123 GEYLANG EAST CENTRAL
GE3,BLK 124 TO 128 GEYLANG EAST AVE 1
GE5,BLK 129-134 GEYLANG EAST AVE 1/2
GMLM,BLK 24 GHIM MOH LINK
GM1A,BLK 2A GHIM MOH ROAD
GM1B,BLK 5A GHIM MOH RD
GM1M,31A GHIM MOH LINK
GM2,BLK 7/8/9 GHIM MOH ROAD
GM2A,BLK 8A GHIM MOH RD
GM3,BLK 19/20 GHIM MOH ROAD
GM5,BLK 21 GHIM MOH ROAD
GM6A,BLK 13A GHIM MOH RD
GM6B,BLK 16A GHIM MOH ROAD
GSM,BLK 2 GEYLANG SERAI
GSML,BLK 2 GEYLANG SERAI
HCM,BLK 104A HENDERSON CRESCENT
HDBH,BLK 480 480 LORONG 6 TOA PAYOH
HE1,BLK 102/103/104 HENDERSON CRESCENT
HE12,BLK 78/81 REDHILL LANE
HE14,BLK 115 BUKIT MERAH VIEW
HE17,BLK 93/96 HENDERSON RD
HE19,ALEXANDRA RD
HE22,BLK 105 HENDERSON RD
HE24,BLK 116 BUKIT MERAH VIEW
HE3,BLK 116/117 BUKIT MERAH VIEW
HE4,BLK 121/122 & 127 BUKIT MERAH VIEW
HE9,BLK 118/119 BUKIT MERAH VIEW
HG1,"BLK 1,2,6,7 HOUGANG AVE 3"
HG1A,BLK 470 UPPER SERANGOON CRESCENT
HG1B,BLK 475 UPPER SERANGOON CRESCENT
HG1C,BLK 476 UPP SERANGOON VIEW
HG1D,BLK 376 HOUGANG ST 32
HG10,BLK 101-108 HOUGANG AVENUE 1
HG11,BLK 301-319 HOUGANG AVENUE 5
HG12,BLK 320-324 HOUGANG AVENUE 5
HG13,BLK 325/326 HOUGANG AVENUE 7
HG14,"BLK 327-328,332-334,358-363 HOUGANG AVENUE 5"
HG15,BLK 208-210 HOUGANG STREET 21
HG16,BLK 211-212 HOUGANG STREET 21
HG17,BLK 231/233/235/237 HOUGANG STREET 21
HG18,BLK 230/232/234/236/238 HOUGANG AVENUE 1
HG19,BLK 138-145 LORONG AH SOO
HG2,BLK 15-18 HOUGANG AVE 3
HG2A,BLK 473 UPP SERANGOON CRESCENT
HG2B,BLK 933 HOUGANG AVENUE 9
HG2C,BLK 364 / 365 UPP SERANGOON RD
HG2D,"BLK 581,582 AND 582A BUANGKOK GREEN"
HG20,BLK 128-137 LORONG AH SOO
HG22,BLK 154-157 HOUGANG STREET 11
HG23,BLK 239-246 HOUGANG STREET 22
HG24,BLK 247-254 HOUGANG AVENUE 3
HG25,BLK 205 HOUGANG STREET 21
HG26,BLK 335-341 HOUGANG AVENUE 7
HG29,BLK 351-357 HOUGANG AVENUE 7
HG3A,BLK 997 BUANGKOK CRESCENT
HG3B,BLK 991 BUANGKOK LINK
HG3C,BLK 996 BUANGKOK CRESCENT
HG3D,BLK 998 BUANGKOK CRESCENT
HG30,BLK 464-468 HOUGANG AVENUE 10
HG31,BLK 414-416 HOUGANG AVENUE 10
HG32,BLK 601-608 HOUGANG AVENUE 4
HG33,BLK 609-621 HOUGANG AVENUE 8
HG34,BLK 622-632 HOUGANG AVENUE 8
HG35,"BLK 701-702,707-710 HOUGANG AVENUE 2"
HG36,"BLK 703-706,711-712 HOUGANG AVENUE 2"
HG37,BLKS 501-507 HOUGANG AVENUE 8
HG38,"BLK 508-517,520-533 HOUGANG AVENUE 10"
HG39,HOUGANG SPORTS COMPLEX
HG4,BLK 19-23 HOUGANG AVE 3
HG40,"BLK 1 TO 32, 37 TO 38 DEFU LANE 10"
HG41,BLK 633-642 & 647-648 HOUGANG AVENUE 8
HG42,BLK 643-646/649-662/665-667 HOUGANG AVENUE 8
HG43,BLK 668-680 HOUGANG AVENUE 8
HG44,BLK 681-684 HOUGANG AVENUES 4/8
HG45,BLK 685-691 HOUGANG STREET 61
HG46,BLK 692-698 HOUGANG STREET 61
HG47,BLK 805 HOUGANG CENTRAL
HG48,BLK 417-434 HOUGANG AVE 6/8/10
HG49,BLK 435-458 HOUGANG AVE 6/8
HG5,BLK 24/25 HOUGANG AVE 3
HG50,BLK 534-545 HOUGANG AVENUE 8
HG51,BLK 546-555 HOUGANG STREET 51
HG52,BLK 556-566 HOUGANG STREET 51
HG53,BLK 830A HOUGANG CENTRAL
HG54,BLK 220-222 HOUGANG STREET 21
HG55,BLK 814 HOUGANG AVENUE 10
HG56,BLK 830-835 HOUGANG CENTRAL
HG57,DEFU LANE 7
HG58,DEFU LANE 8
HG59,DEFU LANE 9
HG60,BLK 548A HOUGANG STREET 51
HG61,BLK 559A HOUGANG STREET 51
HG62,BLK 566A HOUGANG STREET 51
HG63,BLK 465A UPPER SERANGOON ROAD
HG64,BLK 682-684 HOUGANG STREET 61
HG65,DEFU LANE 11
HG66,DEFU LANE 12
HG67,"BLK 401-413, 460-463 HOUGANG AVENUE 10"
HG68,BLK 838A HOUGANG CENTRAL
HG69,BLK 850A HOUGANG CENTRAL
HG7,BLK 109-127 HOUGANG AVENUE 1
HG70,BLK 567A HOUGANG STREET 51
HG71,BLK 574A HOUGANG STREET 51
HG72,BLK 576A HOUGANG AVENUE 4
HG73,BLK 909A HOUGANG STREET 91
HG74,BLK 166A HOUGANG AVENUE 1
HG75,BLK 172A HOUGANG AVENUE 1
HG76,BLK 159A HOUGANG STREET 11
HG77,BLK 919A HOUGANG AVENUE 4
HG78,BLK 925A HOUGANG STREET 91
HG79,BLK 931A HOUGANG STREET 91
HG80,BLK 941A HOUGANG STREET 92
HG81,DEFU LANE 1
HG82,DEFU LANE 2
HG83,DEFU LANE 3
HG84,DEFU LANE 5
HG85,DEFU LANE 6
HG86,BLK 946A HOUGANG STREET 92
HG87,BLK 955A HOUGANG AVENUE 9
HG88,BLK 699D HOUGANG STREET 52
HG89,BLK 435A HOUGANG AVE 8
HG9,BLK 201-204 HOUGANG STREET 21
HG9T,BLK 206 HOUGANG ST 21
HG90,BLK 966A HOUGANG AVENUE 9
HG91,BLK 971A HOUGANG STREET 91
HG92,BLK 373A HOUGANG STREET 31
HG93,BLK 980 BUANGKOK CRESCENT
HG94,BLK 984 BUANGKOK LINK
HG95,BLK 105 HOUGANG AVENUE 1
HG96,BLK 108 HOUGANG AVE 1
HG97,BLK 804 HOUGANG AVE 10
HG98,BLK 988 BUANGKOK GREEN
HG99,BLK 174A-174D HOUGANG AVENUE 1
HLM,BLK 533A HONG LIM MSCP
HRM,BLK 96 HENDERSON ROAD
HR1,BLK 1-3 HAIG RD
HR2,BLK 4-6 HAIG RD
HR3,BLK 7 TO 9 HAIG RD
HR4,BLK 10 TO 14 HAIG RD
HR5,BLK 21 TO 23 HAIG RD
HVM,BLK 51 HAVELOCK ROAD
H11,BLK 34 JALAN BUKIT HO SWEE
H12,BLK 1/5 DELTA AVE
H14,BLK 96 HAVELOCK ROAD MSCP
H15,BLK 568 GANGES AVENUE
H17,BLK 28A BEO CRESCENT
H18,BLK 44A HAVELOCK ROAD
H3,BLK 87 ZION RD
H3BL,"BLK 991A TO 991B,992A TO 992B"
H3DL,"BLK 998A TO 998B,999A TO 999B"
H4,BLK 22 HAVELOCK RD
H42A,"BLK 644,645,652,655 HOUGANG AVENUE 8"
H6,BLK 77/79 GANGES AVENUE
H6M,BLK 78A INDUS RD
H8,BLKS 4-8 TAMAN HO SWEE
H87L,BLK 950 TO 976 HOUGANG AVE 9 /STREET 91
H93L,"BLK 978C TO 981D, 982, 987A TO 988C BUANKOK CRESCENT/GREEN"
JBM,BLK 134A JALAN BUKIT MERAH
JBM2,BLK 113A JLN BUKIT MERAH
JB1,"BLK 3-5,7,8,4A JALAN BATU"
JB2,BLK 10-11 JALAN BATU
JB3,"BLK 6,12,14 KAMPONG ARANG ROAD"
JB4,"BLK 1,2,9 KAMPONG KAYU"
JCM,BLK 2 JOO CHIAT RD
JCML,BLK 2 JOO CHIAT RD
JKM,BLK 8A JALAN KUKOH MSCP
JKS,BLK 1 JALAN KUKOH CAR PARK
JMB1,BLK 117A JALAN MEMBINA
JMB2,BLK 18A JALAN MEMBINA
JMB3,BLK 26 JALAN MEMBINA
JMS,BLK 4/5/6 JALAN MINYAK CAR PARK
JM1,BLK 517B JURONG WEST STREET 52
JM10,BLK 648 JURONG WEST ST 61
JM11,BLK 686 JURONG WEST CENTRAL 1
JM12,BLK 624A JURONG WEST STREET 61
JM13,BLK 601A JURONG WEST STREET 62
JM14,BLK 635A JURONG WEST STREET 65
JM15,BLK 617A JURONG WEST STREET 65
JM16,BLK 659 JURONG WEST ST 65
JM17,BLK 660 JURONG WEST ST 64
JM18,BLK 629A JURONG WEST ST 65
JM19,BLK 273 JURONG WEST AVENUE 3
JM2,BLK 682 JURONG WEST CENTRAL 1
JM20,BLK 657 JURONG WEST STREET 65
JM21,BLK 651 JURONG WEST STREET 61
JM22,BLK 674 JURONG WEST STREET 65
JM23,BLK 276 JURONG WEST STREET 25
JM24,BLK 655 JURONG WEST STREET 61
JM25,BLK 673 JURONG WEST ST 65
JM26,BLK 675 JURONG WEST ST 64
JM27,BLK 676 JURONG WEST ST 64
JM28,BLK 990 JURONG WEST ST 93
JM29,BLK 986 JURONG WEST ST 93
JM3,BLK 679 JURONG WEST CENTRAL 1
JM30,BLK 271 JURONG WEST ST 24
JM31,BLK 638A JURONG WEST ST 61
JM32,697 JURONG WEST CTRL 3
JM4,BLK 684 JURONG WEST ST 64
JM5,BLK 664 JURONG WEST ST 64
JM6,BLK 663 JURONG WEST ST 65
JM7,BLK 669 JURONG WEST ST 64
JM8,BLK 667 JURONG WEST ST 65
JM9,BLK 650 JURONG WEST ST 61
JRM,BLK 814 JELLICOE ROAD
JRTM,BLK 37A JALAN RUMAH TINGGI
JSA1,BLK 499 JURONG WEST ST 41
JS3L,BLK 624A JURONG WEST ST 61 (SERVICE ROAD)
JS4L,BLK 337 TAH CHING RD
JS5L,BLK 647A JURONG WEST ST 61
J1,BLK 101/107 JURONG EAST ST 13
J10,BLK 246/249 JURONG EAST ST 24
J11,BLK 250/251 JURONG EAST ST 24
J12,BLK 252/254 JURONG EAST ST 24
J13,BLK 253 JURONG EAST ST 24
J14,BLK 256/258 JURONG EAST ST 24
J15,BLK 259/264 JURONG EAST ST 24
J16,BLK 301/304 JURONG EAST ST 32
J17,BLK 305/306 JURONG EAST ST 32
J18,BLK 307/308 JURONG EAST ST 32
J19,BLK 309/310 JURONG EAST ST 32
J2,BLK 108/110 JURONG EAST ST 13
J20,BLK 311/316 JURONG EAST ST 32
J21,BLK 317/328 JURONG EAST STREET 31
J21A,BLK 318A JURONG EAST AVE 1
J22,BLK 329/333 JURONG EAST AVENUE 1
J23,BLK 334/341 JURONG EAST AVENUE 1
J23M,BLK 372A JURONG EAST ST 32
J24,BLK 342/346 JURONG EAST STREET 31
J25,BLK 347/350 JURONG EAST AVE 1
J26,BLK 351/353 JURONG EAST STREET 31
J27,BLK 521/524 JURONG WEST STREET 52
J28,BLK 525/527 JURONG WEST STREET 52
J29,BLK 528/534 JURONG WEST STREET 52
J3,BLK 111/116 JURONG EAST ST 13
J30,BLK 530/536 JURONG WEST STREET 52
J32,BLK 515/517 JURONG WEST STREET 52
J33,BLK 518/520 JURONG WEST STREET 52
J34,BLK 513/514 JURONG WEST STREET 52
J35,BLK 508/511 JURONG WEST STREET 51/52
J36,BLK 543/551 JURONG WEST STREET 42
J37,BLK 537/542 JURONG WEST AVENUE 1
J38,BLK 505/508 JURONG WEST STREET 52
J39,BLK 456-461 JURONG WEST STREET 41
J4,BLK 201/206 JURONG EAST ST 21
J40,BLK 462-467 JURONG WEST STREET 41
J41,BLK 468-473 JURONG WEST STREET 41
J42,BLK 474 JURONG WEST STREET 41
J43,BLK 474-477 JURONG WEST STREET 41
J44,BLK 478-483 JURONG WEST STREET 41
J45,BLK 484-491 JURONG WEST AVENUE 1
J46,BLK 501/504 JURONG WEST STREET 51
J47,BLK 502/503 JURONG WEST AVENUE 1
J48,BLK 441/455 JURONG WEST AVE 1/ST 42
J49,BLK 552/559 JURONG WEST STREET 42
J49M,560 JURONG WEST ST 42
J5,BLK 207/208 JURONG EAST ST 21
J50,BLK 401/408 JURONG WEST STREET 42
J51,BLK 409/416 JURONG WEST STREET 42
J52,BLK 423/440 JURONG WEST AVE 1/ST 42
J53,BLK 417/422 JURONG WEST STREET 42
J54,BLK 492-496 JURONG WEST STREET 41
J55,BLK 497-498 JURONG WEST STREET 41
J56,BLK 130 JURONG GATEWAY ROAD
J57,BLK 131/134 JURONG GATEWAY ROAD
J57L,BLK 131 JURONG GATEWAY ROAD
J58,BLK 132 JURONG GATEWAY ROAD
J6,BLK 209/214 JURONG EAST ST 21
J60L,BLK 505 JURONG WEST ST 52
J60M,505A JURONG WEST ST 52
J61,BLK 912/932 JURONG WEST STREET 92
J62,BLK 902/908 JURONG WEST STREET 91
J62M,BLK 901 JURONG WEST STREET 91
J63,BLK 909/911 JURONG WEST STREET 91
J64,BLK 354 JURONG EAST AVE 1
J65,BLK 933-953 JURONG WEST STREET 91
J66,BLK 959-961 JURONG WEST STREET 92
J67,BLK 962-966 JURONG WEST STREET 91
J68M,BLK 962A JURONG WEST STREET 91
J69,BLK 974/980 JURONG WEST STREET 93
J69M,BLK 967 JURONG WEST 91 JURONG WEST STREET 93
J7,BLK 215A/231 JURONG EAST ST 21
J70,BLK 835/838 JURONG WEST STREET 81
J71,BLK 812/826 JURONG WEST STREET 81
J72,BLK 743/751 JURONG WEST STREET 73
J73,BLK 719/731 JURONG WEST STREET 72
J74,BLK 711/718 JURONG WEST STREET 71
J74M,BLK 712B JURONG WEST ST 71 JURONG WEST STREET 71
J75M,BLK 841A JURONG WEST STREET 81
J76M,BLK 832A JURONG WEST STREET 81
J77M,BLK 750A JURONG WEST STREET 73
J78M,BLK 702A JURONG WEST STREET 71
J79M,BLK 821A JURONG WEST STREET 81
J8,BLK 232/240 JURONG EAST ST 21
J8M,BLK 240C JURONG EAST AVE 1
J80M,BLK 734A JURONG WEST STREET 73
J81M,BLK 760A JURONG WEST STREET 74
J82M,BLK 844A JURONG WEST ST 81
J83M,BLK 865A JURONG WEST ST 81
J84M,BLK 854A JURONG WEST ST 81
J85M,BLK 859A JURONG WEST ST 81
J86M,BLK 764A JURONG WEST ST 74
J88M,BLK 692A JURONG WEST CENTRAL 1
J89M,BLK 691A JURONG WEST CENTRAL 1
J9,BLK 241/245 JURONG EAST ST 24
J90,BLK 274A TOH GUAN ROAD
J91,BLK 287E JURONG EAST STREET 21
J92,BLK 285E TOH GUAN ROAD
J93,BLK 286E TOH GUAN ROAD
J94,BLK 288F JURONG EAST STREET 21
J95,BLK 282A TOH GUAN ROAD
J96,BLK 267A TOH GUAN ROAD
J97,BLK 273A TOH GUAN ROAD
J98M,BLK 647A JURONG WEST STREET 61
J99M,BLK 640A JURONG WEST STREET 61
KAB,BLK 334 KRETA AYER BASEMENT CAR PARK
KAM,BLK 335 KRETA AYER MSCP
KAML,KAM KRETA AYER (LOADING BAY)
KAS,BLK 333 KRETA AYER CAR PARK
KBM,BLK 65A KALLANG BAHRU
KB1,BLK 54/56/58 GEYLANG BAHRU ROAD
KB10,BLK 30 BENDEMEER ROAD
KB11,BLK 34 WHAMPOA WEST
KB12,BLK 22/24 SERANGOON ROAD
KB14,BLK 66/71 KALLANG BAHRU
KB17,BLK 23 BENDEMEER ROAD
KB18,BLK 45-48 BENDEMEER ROAD
KB20,BLK 49A WHAMPOA SOUTH
KB3,BLK 64/65/67 KALLANG BAHRU
KB4,BLK 72/93/97 GEYLANG BAHRU
KB6,BLK 74/92 GEYLANG BAHRU
KB7,BLK 69 GEYLANG BAHRU
KEM1,BLK 671 KLANG LANE
KE1,BLK 101/121 BEDOK RESERVOIR ROAD
KE2,BLK 122/126 BEDOK RESERVOIR ROAD
KE3,"BLK 127/135, 141/151 BEDOK RESERVOIR ROAD"
KE3M,BLK 145A BEDOK RESERVOIR ROAD
KE4,BLK 136/140 BEDOK RESERVOIR ROAD
KJML,BLK 14A FARRER PARK ROAD
KJM1,BLK 37A CAMBRIDGE ROAD
KJM2,BLK 14A FARRER PARK RD
KJ1,BLK 9/10 GLOUCESTER ROAD
KJ2,BLK 49/50 DORSET ROAD
KJ3,BLK 48/48A DURHAM ROAD
KJ4,BLK 51/54 KENT ROAD
KLM,BLK 31 KELANTAN LANE MSCP
KM1,BLK 56A CASSIA CRESCENT
KM2,BLK 93A JALAN DUA
KM3,BLK 11A PINE CLOSE
KM4,BLK 49A JALAN TIGA
KTM,BLK 125A KIM TIAN ROAD
KTM2,BLK 120B KIM TIAN PLACE
KTM3,BLK 131A KIM TIAN ROAD
KTM4,BLK 119A KIM TIAN ROAD
KTM5,BLK 126 KIM TIAN ROAD
KTM6,BLK 127 KIM TIAN ROAD
KU1,BLK 301/305-306/311-318 UBI AVENUE 1
KU2,BLK 319-330 UBI AVENUE 1
KU3,BLK 331-341 UBI AVENUE 1
KU4,BLK 342-352 UBI AVENUE 1
KU5,"BLK 3004-3007,3014,3015 UBI ROAD 1"
KU9,"BLK 302,304 UBI AVENUE 1"
K10,"BLK 28,30,32,34,36 CASSIA CRESCENT"
K19,BLK 62 DAKOTA CRESCENT
K2,"BLK 9,10,12 PINE CLOSE"
K2T,BLK 21 JALAN EMPAT
K21,BLK 58 DAKOTA CRESCENT
K22,BLK 60 DAKOTA CRESCENT
K3T,BLK 17 JALAN EMPAT
K52,BLK 52 CASSIA CRESCENT
K7,BLK 51 OLD AIRPORT ROAD
K9,BLK 42 CASSIA CRESCENT
LBM,BLK 64 LENGKOK BAHRU
LT1,"BLK 110,113-116 LENGKONG TIGA"
LT2,BLK 111-112 LENGKONG TIGA
LT3,BLK 101-109 LENGKONG TIGA
L1,BLK 415-420 LOR LEW LIAN
MLM,BLK 157A MEI LING STREET
MLM1,BLK 161A MEI LING ST
MM1,BLK 28A BALAM ROAD
MM2,BLK 52A PIPIT ROAD
MM3,BLK 66A CIRCUIT ROAD
MM4,BLK 31A CIRCUIT ROAD
MM5,BLK 17 CIRCUIT ROAD
MM6,BLK 82 CIRCUIT ROAD
MNM,BLK 113 MCNAIR ROAD
MNRM,BLK 108A MCNAIR ROAD
MN1,BLKS 108/112 MCNAIR ROAD
MN2,BLKS 119/124 MCNAIR ROAD
MP1,BLK 1 TO 4 MARINE TERRACE
MP1M,BLK 65A MARINE DRIVE
MP12,BLK 72 TO 76 MARINE DRIVE
MP13,BLK 78 & 79 MARINE DRIVE
MP14,BLK 81/82 MARINE PARADE ROAD
MP15,BLK 83/87 MARINE PARADE ROAD
MP16,BLK 84 TO 86 MARINE PARADE ROAD
MP17,BLK 51/59 MARINE TERRACE
MP19,BLK 89 MARINE PARADE CTRL
MP2,BLK 5 TO 8 MARINE TERRACE
MP2M,BLK 35A MARINE CRESCENT
MP20,BLK 86 MARINE PARADE ROAD
MP3M,BLK 12A MARINE TERRACE
MP4M,BLK 16A MARINE TERRACE
MP5,BLK 52/57 MARINE TERRACE
MP5M,BLK 47A MARINE CRESCENT
MP5S,BLK 45 MARINE CRESCENT
MP6,BLK 50/50A/53 MARINE TERRACE
MP6M,BLK 77A MARINE DRIVE
MP6S,BLK 77 MARINE DRIVE
MP7,BLK 54/55/56/58/59 MARINE TERRACE
MR3,BLK 1/2 MAUDE ROAD
MR4,BLK 7 KING GEORGE AVENUE
MR5,"BLK 804/805, 809 MAUDE ROAD"
MR6,BLK 8 FRENCH ROAD
MR7,BLK 801/802 FRENCH ROAD
M1,BLK 85 TO 94/92A PIPIT ROAD
M16,BLK 37 CIRCUIT ROAD
M20,BLK 65 & 80 CIRCUIT RD
M25,BLK 53 TO 56/68/70/71/72 PIPIT RD/CIRCUIT RD
M28,BLK 82A/83 MACPHERSON LANE
M29,BLK 12 TO 14 MERPATI RD
M3,BLK 19 TO 21/23/24/30/32 BALAM RD
M32,BLK 120 TO 124 PAYA LEBAR WAY
M33,BLK 125 TO 126 ALJUNIED ROAD
M34,BLK 81/82 MACPHERSON LANE
M35,BLK 41 TO 42 CIRCUIT ROAD
M36,BLK 43 CIRCUIT ROAD
M37,BLK 38 TO 40 CIRCUIT ROAD
M38,BLK 63 TO 64 CIRCUIT ROAD
M4,BLK 22/34/36 CIRCUIT RD
NBRM,BLK 13 NORTH BRIDGE ROAD MSCP
NTL,BLK 601 - 605A/D TAMPINES AVE 9/ ST 61
NT1,BLK 601 TAMPINES AVE 9
NT2,BLK 605 TAMPINES ST 61
NT3,BLK 609 TAMPINES NTH DR 1
NT4,613 TAMPINES NTH DR 1
PDC4,BLK 475 CHOA CHU KANG AVE 3
PDC5,BLK 533A CHOA CHU KANG ST 51
PDJ3,BLK 399 YUNG SHENG RD
PDJ7,BLK 762A JURONG WEST ST 75
PDL1,BLK 168 PUNGGOL FIELD
PDP4,BLK 446A FAJAR ROAD
PDP5,BLK 524A JELAPANG ROAD
PDQ5,BLK 57 DAWSON RD
PDR2,BLK 258 PASIR RIS ST 21
PDR6,BLK 624A ELIAS RD
PDR7,BLK 734 PASIR RIS ST 72
PDS1,BLK 118 RIVERVALE DR
PDT8,BLK 866A TAMPINES ST 83
PDW5,BLK 548 WOODLANDS DR 44
PDW7,BLK 768 WOODLANDS AVE 6
PDW8,BLK 888A WOODLANDS DR 50
PD8W,BLK 883A WOODLANDS ST 82
PLB1,BLK 440 PASIR RIS DRIVE 4
PL10,BLK 174 PUNGGOL FIELD
PL11,BLK 175 PUNGGOL FIELD
PL12,BLK 137 EDGEDALE PLAINS
PL13,BLK 131 EDGEDALE PLAINS
PL14,BLK 292 PUNGGOL CENTRAL
PL15,BLK 171 EDGEDALE PLAINS
PL16,BLK 180 EDGEFIELD PLAINS
PL17,BLK 642 PUNGGOL DRIVE
PL18,BLK 162 PUNGGOL CENTRAL
PL19,"BLK 186-188,190-192 PUNGGOL CENTRAL"
PL20,BLK 638 PUNGGOL DRIVE
PL21,BLK 166 PUNGGOL CENTRAL
PL22,BLK 644 PUNGGOL CENTRAL
PL23,BLK 201 PUNGGOL FIELD
PL24,BLK 178 & 193 EDGEFIELD PLAINS
PL25,BLK 172 EDGEDALE PLAINS
PL26,BLK 650 PUNGGOL CENTRAL
PL27,BLK 204 PUNGGOL FIELD
PL28,BLK 194 PUNGGOL ROAD
PL29,BLK 633 PUNGGOL DRIVE
PL30,BLK 170D PUNGGOL EAST
PL31,BLK 301 PUNGGOL CENTRAL
PL32,BLK 302 PUNGGOL PLACE
PL33,BLK 621A - 621B EDGEFIELD WALK
PL34,BLK 603 PUNGGOL ROAD
PL35,BLK 602 PUNGGOL CENTRAL
PL36,BLK 305 PUNGGOL ROAD
PL37,BLK 614 EDGEFIELD PLAINS
PL38,BLK 612 PUNGGOL DRIVE
PL39,BLK 267 PUNGGOL FIELD
PL40,BLK 270 PUNGGOL FIELD
PL41,BLK 273 PUNGGOL PLACE
PL42,BLK 616 PUNGGOL DRIVE
PL43,BLK 288 PUNGGOL PLACE
PL44,BLK 206A PUNGGOL PLACE
PL45,BLK 169 PUNGGOL FIELD
PL46,BLK 624 PUNGGOL CENTRAL
PL47,BLK 207 PUNGGOL PLACE
PL48,BLK 271 PUNGGOL WALK
PL49,BLK 210 PUNGGOL PLACE
PL50,BLK 211 PUNGGOL WALK
PL51,BLK 213 PUNGGOL WALK
PL52,BLK 312 SUMANG LINK
PL53,BLK 266 PUNGGOL WAY
PL54,BLK 259 PUNGGOL FIELD
PL55,BLK 261 PUNGGOL WAY
PL56,BLK 672 EDGEFIELD PLAINS
PL57,BLK 665 PUNGGOL DRIVE
PL58,663  PUNGGOL DRIVE
PL59,BLK 308 PUNGGOL WALK
PL60,BLK 670 EDGEFIELD PLAINS
PL61,BLK 678 PUNGGOL DRIVE
PL62,BLK 256 SUMANG WALK
PL63,BLK 677 PUNGGOL DRIVE
PL64,BLK 676 PUNGGOL DRIVE
PL65,BLK 310 PUNGGOL WALK
PL66,BLK 121 EDGEDALE PLAINS
PL67,BLK 314 PUNGGOL WAY
PL68,BLK 217 SUMANG WALK
PL69,BLK 661 EDGEDALE PLAINS
PL70,BLK 226 SUMANG LANE
PL71,BLK 682 EDGEDALE PLAINS EDGEDALE PLAINS
PL72,BLK 222 SUMANG LANE SUMANG LANE
PL74,BLK 233 SUMANG LANE
PL75,BLK 325 SUMANG WALK
PL76,BLK 326 SUMANG WALK SUMANG WALK
PL77,BLK 659 PUNGGOL EAST ROAD
PL78,BLK 322 SUMANG WALK
PM1,473A PASIR RIS DR 6
PM10,BLK 204A PASIR RIS STREET 21
PM11,BLK 269A PASIR RIS STREET 21
PM12,BLK 272A PASIR RIS STREET 21
PM13,BLK 199A PASIR RIS STREET 12
PM14,BLK 180A PASIR RIS STREET 11
PM15,BLK 158A PASIR RIS STREET 13
PM16,BLK 149A PASIR RIS STREET 13
PM17,BLK 142A PASIR RIS STREET 11
PM18,BLK 135A PASIR RIS STREET 11
PM19,BLK 108A PASIR RIS STREET 12
PM2,BLK 220A PASIR RIS STREET 21
PM20,BLK 526 PASIR RIS STREET 51
PM21,BLK 530 PASIR RIS DR 1
PM22,BLK 555A PASIR RIS STREET 51
PM23,BLK 564A PASIR RIS STREET 51
PM24,BLK 561A PASIR RIS STREET 51
PM25,BLK 500A PASIR RIS STREET 52
PM26,BLK 521A PASIR RIS STREET 52
PM27,BLK 578A PASIR RIS STREET 53
PM28,BLK 586A PASIR RIS STREET 53
PM29,BLK 601A ELIAS ROAD
PM3,BLK 225A PASIR RIS STREET 21
PM30,BLK 614A ELIAS ROAD
PM32,BLK 631A PASIR RIS DRIVE 3
PM33,BLK 635A PASIR RIS DRIVE 1
PM34,BLK 649A PASIR RIS DRIVE 10
PM35,BLK 700A PASIR RIS DRIVE 10
PM36,BLK 710A PASIR RIS STREET 72
PM37,BLK 718A PASIR RIS STREET 72
PM38,BLK 736A PASIR RIS DRIVE 10
PM4,BLK 231A PASIR RIS DRIVE 4
PM40,BLK 744A PASIR RIS STREET 71
PM41,BLK 747A PASIR RIS STREET 71
PM43,BLK 757A PASIR RIS ST 71
PM44,BLK 762A PASIR RIS STREET 71
PM45,BLK 773A PASIR RIS STREET 71
PM46,BLK 782A PASIR RIS STREET 71
PM5,BLK 235A PASIR RIS STREET 21
PM6,BLK 245A PASIR RIS STREET 21
PM7,BLK 257A PASIR RIS STREET 21
PM8,BLK 458A PASIR RIS DRIVE 4
PM9,BLK 216A PASIR RIS STREET 21
PP1,BLK 101 TO 109 POTONG PASIR AVENUE 1
PP2,BLK 143 TO 145 POTONG PASIR AVENUES 2/3
PP3,BLK 134 TO 142 POTONG PASIR AVENUE 3
PP4,BLK 121 TO 133 POTONG PASIR AVENUE 1
PP5,BLK 113 TO 120 POTONG PASIR AVENUE 1
PP6,BLK 146 POTONG PASIR AVENUE 2
PP9T,BLK 145 POTONG PASIR AVENUES 2/3
PRM,BLK 33 PARK CRESCENT MSCP
PRM1,BLK 441A PASIR RIS DRIVE 6
PRS1,BLK 212A PASIR RIS STREET 21
PR1,BLK 101/108 PASIR RIS STREET 12
PR10,BLK 467/477 PASIR RIS DRIVE 6
PR11,BLK 478/487 PASIR RIS DRIVE 4
PR12,BLK 544/556 PASIR RIS STREET 51
PR13,"BLK 537-543, 564-569 PASIR RIS STREET 51"
PR14,BLK 557-562 PASIR RIS ST 51
PR2,BLK 109/129 PASIR RIS STREET 11
PR3,BLK 531/536 PASIR RIS DR 1/PASIR RIS CENTRAL
PR4,BLK 406/411 PASIR RIS DRIVE 6
PR5,"BLK 405/406, 412/429 PASIR RIS DRIVE 6"
PR6,BLK 441/445 PASIR RIS DRIVE 6
PR7,BLK 446/455 PASIR RIS DRIVE 6
PR8,BLK 456/461 PASIR RIS DRIVE 4
PR9,BLK 463/466 PASIR RIS STREET 41
P1,BLK 196 PUNGGOL FIELD
P11,BLK 416 PANDAN GARDENS
P12,BLK 415 PANDAN GARDENS
P13,BLK 401/402 PANDAN GARDENS
P14,BLK 403/408 PANDAN GARDENS
P15,BLK 413 PANDAN GARDENS
P16,BLK 412/414 PANDAN GARDENS
P17,BLK 409/411 PANDAN GARDENS
P2,BLK 199 PUNGGOL FIELD
P3,BLK 101 PUNGGOL FIELD
P4,BLK 105 EDGEFIELD PLAINS
P5,BLK 107 PUNGGOL FIELD
P5L,BLK 106A PUNGGOL FIELD
P6,BLK 109 PUNGGOL FIELD
P6L,BLK 109B PUNGGOL FIELD
P7,BLK 119 EDGEFIELD PLAINS
P76L,BLK 327A SUMANG WALK
P8,BLK 126 EDGEDALE PLAINS
P9,BLK 128 PUNGGOL FIELD WALK
Q14,BLK 49 STIRLING RD
Q15,BLK 41/48 STIRLING RD
Q16,BLK 45 AND 50 STIRLING RD
Q17,BLK 52 STIRLING RD
Q19,BLK 151 MEI LING STREET
Q2A,BLK 155-164 STIRLING ROAD
Q30,MARGARET DRIVE
Q4,BLK 168A QUEENSWAY
Q41,BLK 80 STRATHMORE AVENUE
Q48,BLK 150A MEI CHIN ROAD
Q49,MEI CHIN ROAD
Q5A,BLKS 166-171 STIRLING ROAD
Q5S,BLK 165-166 STIRLING RD
Q51,BLK 39 TANGLIN HALT ROAD
Q52,BLK 33-34 TANGLIN HALT ROAD
Q55,BLK 61/66 COMMONWEALTH DRIVE
Q57,BLK 46-2 COMMONWEALTH DRIVE
Q58,BLK 46-3 COMMONWEALTH DRIVE
Q59,BLK 47/49 TANGLIN HALT ROAD
Q65,BLK 115A COMMONWEALTH DRIVE
Q65A,BLK 96-111 AND 115 COMMONWEALTH CRESCENT
Q66,BLK 117 COMMONWEALTH DRIVE
Q67,BLK 116-118 COMMONWEALTH CRESCENT
Q68,BLK 110 COMMONWEALTH CRESCENT
Q70,BLK 99/102 COMMONWEALTH CRESCENT
Q72,BLK 96 COMMONWEALTH CRESCENT
Q73,BLK 91/92 COMMONWEALTH DRIVE
Q75M,BLK 10A HOLLAND DRIVE
Q77M,BLK 18 HOLLAND DRIVE
Q8,BLK 19/23A/23B QUEENS CLOSE
Q80,BLK 45/46/47 HOLLAND DRIVE
Q81,BLK 43 HOLLAND DRIVE
Q84,BLK 2/4/6/31/32 HOLLAND CLOSE
Q85,NORTH BUONA VISTA ROAD
Q86,BLK 148A MEI LING STREET
Q87,BLK 5A HOLLAND CLOSE
Q88,BLK 19A QUEEN'S CLOSE
Q89,BLK 7B COMMONWEALTH AVENUE
Q92,BLK 82 STRATHMORE AVENUE
Q93,BLK 83 STRATHMORE AVENUE
Q94,BLK 102 COMMONWEALTH CRESCENT
Q95,BLK 98 COMMONWEALTH CRESCENT
Q96,BLK 181-184 STIRLING ROAD
Q97,BLK 64 COMMONWEALTH DRIVE
Q98,BLK 55 COMMONWEALTH DRIVE
Q99,BLK 89 COMMONWEALTH DRIVE
RCM,BLK 638 VEERASAMY ROAD
RC1,BLK 101/102 JALAN RAJAH
RC2,BLK 103/104 JALAN RAJAH
RC3,BLK 105/108 JALAN RAJAH
RHM,BLK 88A REDHILL CLOSE
RHM2,BLK 70A REDHILL CLOSE
RHM3,BLK 73 REDHILL RD
RHM4,BLK 74 REDHILL RD
RHS,BLK 75A/B REDHILL ROAD
SAM,BLK 60A STRATHMORE AVENUE
SAM2,BLK 61 STRATHMORE AVENUE
SB1,BLK 306B CANBERRA ROAD
SB10,BLK 481A SEMBAWANG DRIVE
SB11,BLK 476A SEMBAWANG DRIVE
SB12,BLK 424A CANBERRA ROAD
SB13,BLK 404A ADMIRALTY LINK
SB14,BLK 406A SEMBAWANG DRIVE
SB15,BLK 358A ADMIRALTY DRIVE
SB16,BLK 339 SEMBAWANG CLOSE
SB17,BLK 504 MONTREAL DRIVE
SB18,BLK 469/469A/469B ADMIRALTY DRIVE
SB19,BLK 501 WELLINGTON CIRCLE
SB2,BLK 316A SEMBAWANG VISTA
SB20,BLK 505 CANBERRA LINK
SB21,BLK 467/467A/467B ADMIRALTY DRIVE
SB22,BLK 351 CANBERRA ROAD
SB23,BLK 354 ADMIRALTY DRIVE
SB24,BLK 506 WELLINGTON CIRCLE
SB25,BLK 588 MONTREAL DRIVE
SB26,BLK 484A ADMIRALTY LINK
SB27,BLK 492A ADMIRALTY LINK
SB28,BLK 482A ADMIRALTY LINK
SB29,BLK 508 WELLINGTON CIRCLE
SB3,BLK 325A SEMBAWANG CRESCENT
SB30,BLK 466 SEMBAWANG DRIVE
SB31,BLK 463 SEMBAWANG DRIVE
SB32,BLK 591 MONTREAL LINK
SB33,BLK 592 MONTREAL LINK
SB34,BLK 462 SEMBAWANG DRIVE
SB35,BLK 120 CANBERRA CRES
SB36,BLK 121 CANBERRA ST
SB37,BLK 106 CANBERRA STREET
SB38,BLK 129 CANBERRA ST
SB39,BLK 108 CANBERRA WALK
SB4,BLK 313A SEMBAWANG DRIVE
SB40,BLK 115 CANBERRA WALK
SB41,BLK 361 SEMBAWANG CRES
SB42,BLK 365 SEMBAWANG CRES
SB43,BLK 117 CANBERRA CRESCENT
SB44,BLK 102 CANBERRA STREET
SB45,BLK 132 CANBERRA VIEW
SB46,BLK 126 CANBERRA STREET
SB5,BLK 322A SEMBAWANG CLOSE
SB6,BLK 306A CANBERRA ROAD
SB7,BLK 336A SEMBAWANG CRESCENT
SB8,BLK 330A SEMBAWANG CLOSE
SB9,BLK 335A SEMBAWANG CLOSE
SDM,BLK 114A LORONG 3 GEYLANG MSCP
SDM2,BLK 50A SIMS DRIVE
SD1,BLK 40-44 SIMS DRIVE
SD10,BLK 113/114 LOR 3 GEYLANG
SD11,BLK 63 SIMS PLACE
SD2,BLK 45/50/51 SIMS DRIVE
SD3,BLK 46/47/48/49 SIMS PLACE
SD4,BLK 52 SIMS PLACE
SD5,BLK 53 SIMS PLACE
SD9,BLK 114 LOR 3 GEYLANG
SE1R,157 SERANGOON NORTH AVE 1
SE11,BLK 151/154 SERANGOON NORTH AVE 1/2
SE12,BLK 211-222 SERANGOON AVENUE 4
SE13,BLK 223/230 SERANGOON AVENUE 4
SE14,BLK 231/237 SERANGOON AVENUE 3
SE15,BLK 238/246 SERANGOON AVENUE 3
SE16,BLK 301/319 SERANGOON AVENUE 2
SE17,BLK 321/329 SERANGOON AVENUE 3
SE18,BLK 330/335 SERANGOON AVENUE 3
SE19,BLK 201/210 SERANGOON CENTRAL
SE2,BLK 101/108 SERANGOON NORTH AVE 1
SE20,BLK 264 SERANGOON CENTRAL
SE21,BLK 262/263 SERANGOON CENTRAL
SE22,BLK 261/263 SERANGOON CENTRAL
SE23,BLK 253/254 SERANGOON CENTRAL DRIVE
SE24,BLK 265 SERANGOON AVENUE 3
SE25,BLK 401/408 SERANGOON CENTRAL/AVE 1
SE26,BLK 409/414 SERANGOON CENTRAL/AVE 1
SE27,BLK 421/427 SERANGOON CENTRAL/AVE 1
SE28,BLK 410A SERANGOON CENTRAL
SE29,BLK 2A LORONG LEW LIAN
SE3,BLK 109/112 SERANGOON NORTH AVE 1
SE30,BLK 141A SERANGOON NTH AVE 1
SE31,BLK 514/520 SERANGOON NORTH AVENUE 4
SE32,BLK 521/530 SERANGOON NORTH AVENUE 4
SE33,BLK 537/542 SERANGOON NORTH AVENUE 4
SE34,BLK 531/536 SERANGOON NORTH AVENUE 4
SE35,BLK 500/506B SERANGOON NORTH AVENUE 4
SE37,BLK 519 SERANGOON NORTH AVENUE 4
SE38,BLK 504A SERANGOON NORTH AVENUE 4
SE39,BLK 542A SERANGOON NORTH AVENUE 4
SE4,"BLK 113-125, 142-148 SERANGOON NORTH AVE 1"
SE4S,BLK 149A SERANGOON NORTH AVENUE 1
SE4T,"BLK 113,115,117,118,120,121 SERANGOON NORTH AVE 1"
SE40,BLK 550A SERANGOON NORTH AVENUE 3
SE41,BLK 546A SERANGOON NORTH AVE 3
SE42,BLK 512A SERANGOON NORTH AVE 4
SE43,BLK 510 SERANGOON NORTH AVE 4
SE50,BLK 238A SERANGOON AVENUE 2
SE51,BLK 257A SERANGOON CENTRAL DRIVE
SE52,NEXT TO BLK 226 SERANGOON AVE 4
SE53,BLK 150 SERANGOON NORTH AVE 2
SE54,BLK 223A SERANGOON AVE 4
SE6,BLK 126 SERANGOON NORTH AVE 1
SE7,BLK 127 SERANGOON NORTH AVE 1
SE9,BLK 135/141 SERANGOON NORTH AVE 2
SGLM,BLK 4A ST. GEORGE'S LANE
SGTM,BLK 25A/26/26A/26B ST.GEORGE'S LANE
SG1,BLK 1/3/8 ST GEORGE RD
SG2,BLK 14/19 ST GEORGE RD
SG3,BLK 20/23 ST GEORGE RD
SG4,BLK 9/11 ST GEORGE RD
SH1,BLK 301-313 SHUNFU ROAD
SH2,BLK 320 SHUNFU ROAD
SIM1,BLK 115 SIMEI STREET 1
SIM2,BLK 125 SIMEI STREET 1
SIM3,BLK 166 SIMEI ROAD MSCP
SIM4,BLK 248 SIMEI STREET 5
SIM5,BLK 256A SIMEI STREET 1
SIM6,BLK 168 SIMEI LANE
SI1,BLK 101/107 SIMEI STREET 1
SI10,BLK 148 - 154 SIMEI STREET 1
SI11,BLK 155/162 SIMEI ROAD
SI12,BLK 163/165 SIMEI ROAD
SI13,BLK 221/235 SIMEI STREET 4
SI14,BLK 142/145 SIMEI ST 2
SI2,BLK 108/119 SIMEI STREET 1
SI3,BLK 117/119 SIMEI STREET 1
SI4,BLK 120/122 SIMEI STREET 1
SI5,BLK 120/130 SIMEI STREET 1
SI6,BLK 132 SIMEI STREET 1
SI7,BLK 132 - 139 SIMEI STREET 1
SI8,BLK 138 SIMEI STREET 1
SI9,BLK 141/147 SIMEI STREET 2
SK1,BLK 133A RIVERVALE STREET
SK1K,BLK 272A SENGKANG CENTRAL
SK10,BLK 241A COMPASSVALE WALK
SK11,BLK 226D COMPASSVALE WALK
SK12,BLK 103A RIVERVALE WALK
SK13,BLK 228D COMPASSVALE WALK
SK14,BLK 142A RIVERVALE DRIVE
SK15,BLK 256A COMPASSVALE ROAD
SK16,BLK 111A RIVERVALE WALK
SK17,BLK 248A COMPASSVALE ROAD
SK18,BLK 188E RIVERVALE DRIVE
SK19,BLK 190C RIVERVALE DRIVE
SK2,BLK 236A COMPASSVALE WALK
SK20,BLK 191C RIVERVALE DRIVE
SK21,BLK 117D RIVERVALE DRIVE
SK22,BLK 122F RIVERVALE DRIVE
SK23,BLK 121E SENGKANG EAST WAY
SK24,BLK 185 RIVERVALE CRESCENT
SK25,BLK 257 COMPASSVALE ROAD
SK26,BLK 259 COMPASSVALE ROAD
SK27,BLK 119 RIVERVALE DRIVE
SK28,BLK 203 COMPASSVALE ROAD
SK29,BLK 204 COMPASSVALE DRIVE
SK3,BLK 205D COMPASSVALE LANE
SK30,BLK 260 SENGKANG EAST WAY
SK31,BLK 195A RIVERVALE DRIVE
SK32,BLK 200 SENGKANG EAST ROAD
SK33,BLK 201 SENGKANG EAST ROAD
SK34,BLK 299 COMPASSVALE STREET
SK35,BLK 297 COMPASSVALE STREET
SK36,BLK 301 ANCHORVALE DRIVE
SK37,BLK 303 ANCHORVALE LINK
SK38,BLK 261 COMPASSVALE STREET
SK39,BLK 291 COMPASSVALE STREET
SK4,BLK 102A RIVERVALE WALK
SK40,BLK 306 ANCHORVALE LINK
SK41,BLK 305 ANCHORVALE LINK
SK42,BLK 304 ANCHORVALE LINK
SK43,BLK 290 COMPASSVALE CRESCENT
SK44,BLK 308 ANCHORVALE ROAD
SK45,BLK 295 COMPASSVALE CRESCENT
SK46,BLK 312 ANCHORVALE LANE
SK47,BLK 310 ANCHORVALE ROAD
SK48,BLK 321 ANCHORVALE DRIVE
SK49,BLK 319 ANCHORVALE DRIVE
SK5,BLK 124D RIVERVALE DRIVE
SK50,BLK 323 SENGKANG EAST WAY
SK51,BLK 325 SENGKANG EAST WAY
SK52,"BLK 318,316A-316C SK52/56 ANCHORVALE LINK"
SK53,"BLK 313,315A-315C SK53/57 ANCHORVALE ROAD"
SK54,BLK 184 RIVERVALE CRESCENT
SK55,BLK 160 RIVERVALE CRESCENT
SK58,BLK 413 FERNVALE LINK
SK59,BLK 263 COMPASSVALE STREET
SK6,BLK 233A COMPASSVALE WALK
SK60,BLK 404 FERNVALE LANE
SK61,BLK 406 FERNVALE RD
SK62,BLK 408 FERNVALE RD
SK63,BLK 208 COMPASSVALE LANE
SK64,BLK 269 COMPASSVALE LINK
SK65,BLK 267 COMPASSVALE LINK
SK66,BLK 156A RIVERVALE CRESCENT
SK67,BLK 266 COMPASSVALE BOW
SK68,BLK 275 COMPASSVALE LINK
SK69,BLK 437 FERNVALE ROAD
SK7,BLK 224E COMPASSVALE WALK
SK70,BLK 273 COMPASSVALE LINK
SK71,BLK 277 COMPASSVALE LINK
SK72,BLK 272 SENGKANG CENTRAL
SK73,BLK 270 SENGKANG CENTRAL
SK74,BLK 439 SENGKANG WEST AVE
SK75,BLK 441 FERNVALE ROAD
SK76,BLK 210 COMPASSVALE LANE
SK77,BLK 410 FERNVALE ROAD
SK78,BLK 443 FERNVALE ROAD
SK79,BLK 212 COMPASSVALE DRIVE
SK8,BLK 126A RIVERVALE STREET
SK80,BLK 434 FERNVALE ROAD
SK81,BLK 446 JALAN KAYU
SK82,BLK 182 RIVERVALE CRESCENT
SK83,BLK 450 SENGKANG WEST WAY
SK84,BLK 180 RIVERVALE CRESCENT
SK85,BLK 430 FERNVALE LINK
SK86,BLK 432 SENGKANG WEST WAY
SK87,BLK 448 SENGKANG WEST WAY
SK88,BLK 451 SENGKANG WEST WAY
SK89,BLK 326 ANCHORVALE ROAD
SK9,BLK 146A RIVERVALE CRESCENT
SK90,BLK 332 ANCHORVALE LINK
SK91,BLK 281 SENGKANG EAST AVE
SK92,BLK 279 SENGKANG EAST AVE
SK93,BLK 453 FERNVALE ROAD
SK94,BLK 329 ANCHORVALE STREET
SK95,BLK 334 ANCHORVALE CRESCENT
SK96,BLK 440 FERNVALE LINK
SK97,BLK 350 ANCHORVALE ROAD
SK98,BLK 414 FERNVALE LINK
SK99,BLK 468 FERNVALE LINK
SLS,BLK 4 SAGO LANE CAR PARK
SL1,BLK 2 EAST COAST ROAD
SL2,BLK 3 EAST COAST ROAD
SMM,BLK 53A STRATHMORE AVENUE
SMML,BLK 50/51 STRATHMORE AVENUE
SM1,BLK 22 SIN MING ROAD
SM2,BLK 23/24 SIN MING ROAD
SM3,BLK 25 SIN MING ROAD
SM5,"BLK 1-21, 27-36 SIN MING INDUSTRIAL ESTATE"
SM6,BLK 37/39 SIN MING DRIVE
SM7,SIN MING ESTATE LORRY PARK
SM8,BLK 22A SIN MING ROAD
SM9,BLK 24A SIN MING ROAD
SPM,BLK 108 SPOTTISWOODE PARK MSCP
SPS,BLK 101/102 SPOTTISWOODE PARK CAR PARK
SRS,BLK 1-2 SPOONER ROAD
SR1,BLK 10 SELEGIE ROAD CAR PARK
SR2,"BLK 8, 9 SELEGIE ROAD CAR PARK"
STAM,BLK 56A STRATHMORE AVENUE
STM1,BLK 169A STIRLING ROAD
STM2,BLK 171A STIRLING ROAD
STM3,BLK 168-171 STIRLING ROAD
S100,BLK 472 FERNVALE STREET
S101,BLK 470 FERNVALE LINK
S102,BLK 164 RIVERVALE CRESCENT
S103,BLK 293 COMPASSVALE CRESCENT
S104,BLK 215 COMPASSVALE DRIVE
S105,BLK 217 COMPASSVALE DRIVE
S106,BLK 278 COMPASSVALE BOW
S107,BLK 338 ANCHORVALE CRESCENT
S108,BLK 289 COMPASSVALE CRESCENT
S109,BLK 417 FERNVALE LINK
S110,BLK 351 ANCHORVALE ROAD
S111,BLK 455 SENGKANG WEST AVE
S112,BLK 457 SENGKANG WEST RD
S113,BLK 353 ANCHORVALE LANE
S13L,BLK 353A ANCHORVALE LANE
S14L,BLK 353A ANCHORVALE LANE
S19L,BLK 501B WELLINGTON CIRCLE
S24L,BLK 507A WELLINGTON CIRCLE
S28L,BLK 489 ADMIRALTY LINK
S30L,SENGKANG EAST WAY
S36L,BLK 121A AND 121B CANBERRA STREET
S38L,"BLK 128A, 128B, 129A AND 130A CANBERRA STREET AND CANBERRA CRESCENT"
S39L,BLK 542A/542 SERANGOON NORTH AVENUE 4
S40L,BLK 115B AND 115C CANBERRA WALK
S43L,"BLK 117A, 117B, 118A AND 118B CANBERRA CRESCENT"
S45A,BLK 132C AND 133 CANBERRA VIEW
S45L,BLK 132A AND 132B CANBERRA CRESCENT
S69A,BLK 437 FERNVALE ROAD
TAM1,BLK 507 TAMPINES CENTRAL 1
TAM2,BLK 475 TAMPINES STREET 44
TBCM,BLK 16A TELOK BLANGAH CRESCENT
TBC2,BLK 23A TELOK BLANGAH CRESCENT
TBC3,BLK 3A TELOK BLANGAH CRESCENT
TBK,BLK 84 TELOK BLANGAH HTS
TBM,BLK 48A TELOK BLANGAH DRIVE
TBMT,BLK 80 TELOK BLANGAH ST 31
TBM2,BLK 73A TELOK BLANGAH STREET 32
TBM3,BLK 78A TELOK BLANGAH STREET 32
TBM4,BLK 88A TELOK BLANGAH HEIGHTS
TBM5,BLK 57A TELOK BLANGAH HEIGHTS
TBM6,BLK 52A TELOK BLANGAH DR
TBM7,BLK 70 TELOK BLANGAH HEIGHTS
TBM8,BLK 90 TELOK BLANGAH STREET 31
TBM9,BLK 93 TELOK BLANGAH STREET 31
TB1,BLK 1/2/3/4/6 TELOK BLANGAH CRES
TB10,BLK 38/40 TELOK BLANGAH RISE
TB11,BLK 42/43 TELOK BLANGAH RISE
TB14,BLK 113/114 DEPOT ROAD
TB17,BLK 50/71 TELOK BLANGAH DRIVE
TB18,BLK 72/74/84 TELOK BLANGAH DRIVE
TB19,BLK 75/76 TELOK BLANGAH DRIVE
TB2,BLK 8-10 TELOK BLANGAH CRES
TB22,BLK 79/80/81 TELOK BLANGAH DRIVE
TB23,DEPOT ROAD LORRY PARK
TB27,BLK 4001-4008 DEPOT LANE
TB28,BLK 45 TELOK BLANGAH DRIVE
TB29,BLK 45 & 79 ALONG TELOK BLANGAH DRIVE
TB3,BLK 12/22 TELOK BLANGAH CRES
TB4A,BLK 18 & 19 TELOK BLANGAH CRESCENT
TB6,BLK 27/33 TELOK BLANGAH WAY
TB7,BLK 29/32 TELOK BLANGAH RISE
TB8,BLK 30/31 TELOK BLANGAH RISE
TB9,BLK 32/35 TELOK BLANGAH RISE
TE1,BLK 115-117 JALAN BUKIT MERAH
TE13,BLK 78/80 MOH GUAN TERRACE/CHAY YAN STREET
TE14,BLK 140/142 JALAN BUKIT MERAH
TE2,BLK 105-107 JALAN BUKIT MERAH
TE21,BLK 76 GUAN CHUAN STREET
TE22,BLK 66/73 ENG WATT STREET
TE23,BLK 59 ENG HOON STREET
TE24,KIM PONG ROAD
TE25,BLK 17/31/141/150 KAMPONG BAHRU ROAD
TE26,KERBSIDE TIONG BAHRU EST
TE27,"BLK 77, 72, 71 & 58 SENG POH ROAD"
TE28,BLK 81 TIONG POH ROAD/KENG KIAT STREET
TE29,BLK 79 PENG NGUAN STREET/CHAY YAN STREET
TE3,BLK 108/110/112 JALAN BUKIT MERAH
TE30,BLK 78 & 79 YONG SIAK STREET/MOH GUAN TERRACE
TE4,BLK 132-138 JALAN BUKIT MERAH
TE9,BLK 61/69 SENG POH LANE
TGML,BLK 64 AND 65 TEBAN GARDENS RD
TGM1,BLK 63A TEBAN GARDENS RD
TGM2,BLK 61 TEBAN GARDENS RD
TGM3,BLK 22A TEBAN GARDENS RD
TGM4,BLK 57A TEBAN GARDENS RD
TG1,BLK 24 & 25 TEBAN GARDENS
TG2,BLK 49 TO 54 TEBAN GARDENS
TG3,BLK 30/31/46/48 TEBAN GARDENS
TG6,"BLK 32, 39/41 TEBAN GARDENS"
TG7,BLK 33/38/43/45 TEBAN GARDENS
THM,BLK 37B COMMONWEALTH DRIVE
TJ1K,ALONG YUNG SHENG ROAD
TJ18,BLK 63-66 YUNG KUANG ROAD
TJ27,BLK 151/154 YUNG HO ROAD
TJ28,BLK 364 YUNG AN ROAD
TJ29,BLK 155A YUNG LOH ROAD
TJ30,BLK 163A YUNG PING ROAD
TJ31,BLK 331A KANG CHING ROAD
TJ32,BLK 346A KANG CHING ROAD
TJ33,BLK 328A TAH CHING ROAD
TJ34,BLK 115A HO CHING ROAD
TJ35,BLK 183A CORPORATION DRIVE
TJ36,BLK 121A YUAN CHING RD
TJ37,BLK 337 TAH CHING ROAD
TJ38,175 YUNG KUANG ROAD
TJ39,138 YUAN CHING ROAD
TJ40,164 YUNG KUANG RD
TJ41,BLK 140 CORPORATION DRIVE
TJ42,BLK 150 CORPORATION DRIVE
TM10,BLK 331A TAMPINES STREET 32
TM11,BLK 384A TAMPINES STREET 32
TM12,BLK 390A TAMPINES AVENUE 7
TM13,BLK 374A TAMPINES STREET 34
TM14,BLK 891B TAMPINES AVENUE 8
TM15,BLK 450B TAMPINES STREET 42
TM16,BLK 230A TAMPINES STREET 21
TM17,BLK 842A TAMPINES STREET 82
TM18,BLK 856A TAMPINES STREET 82
TM19,BLK 364A TAMPINES STREET 34
TM20,BLK 366A TAMPINES STREET 34
TM21,BLK 340A TAMPINES STREET 33
TM22,BLK 351A TAMPINES STREET 33
TM23,BLK 354A TAMPINES STREET 33
TM24,BLK 359A TAMPINES ST 34
TM25,BLK 497E TAMPINES STREET 45
TM26,BLK 497K TAMPINES STREET 45
TM27,BLK 497L TAMPINES STREET 45
TM28,BLK 498K TAMPINES STREET 45
TM29,BLK 498C TAMPINES STREET 45
TM3,BLK 496A TAMPINES STREET 43
TM30,BLK 701A TAMPINES STREET 71
TM31,BLK 716A TAMPINES STREET 71
TM32,BLK 723A TAMPINES STREET 72
TM33,BLK 727A TAMPINES STREET 71
TM34,BLK 730A TAMPINES STREET 71
TM35,BLK 742A TAMPINES STREET 72
TM36,BLK 515 TAMPINES CTRL 7
TM37,BLK 518 TAMPINES CTRL 7
TM4,BLK 494A TAMPINES STREET 43
TM40,BLK 31 TAMPINES STREET 92
TM41,BLK 921A TAMPINES ST 91
TM42,BLK 823A TAMPINES STREET 81
TM43,BLK 202A TAMPINES STREET 21
TM44,BLK 499 TAMPINES AVE 9
TM45,BLK 869C TAMPINES AVE 8
TM46,BLK 522 TAMPINES CTRL 7
TM47,BLK 519 TAMPINES CENTRAL 8
TM48,BLK 890 TAMPINES AVE 1
TM49,BLK 494F TAMPINES ST 43
TM5,BLK 492A TAMPINES STREET 45
TM50,BLK 870B TAMPINES ST 86
TM51,BLK 879C TAMPINES AVE 8
TM52,BLK 492 TAMPINES ST45
TM53,BLK 859B TAMPINES AVE 5
TM6,BLK 307A TAMPINES STREET 32
TM7,BLK 311A TAMPINES STREET 33
TM8,BLK 316A TAMPINES STREET 33
TM9,BLK 330A TAMPINES STREET 32
TPB1,BLK 18A LOR 6 TOA PAYOH
TPL,BLK 5/7 TANJONG PAGAR
TPM,BLK 1/6 TANJONG PAGAR MSCP
TPMA,BLK 60A LORONG 4 TOA PAYOH
TPMB,BLK 156A LORONG 1 TOA PAYOH
TPMC,BLK 110A LORONG 1 TOA PAYOH
TPMD,BLK 161A LORONG 1 TOA PAYOH
TPME,BLK 93A LORONG 4 TOA PAYOH
TPMF,BLK 141A LORONG 2 TOA PAYOH
TPMG,BLK 128A LORONG 1 TOA PAYOH
TPMH,BLK 260 KIM KEAT AVENUE
TPMJ,BLK 146A LORONG 2 TOA PAYOH
TPMK,BLK 194A KIM KEAT AVE
TPML,BLK 233A LOR 8 TOA PAYOH
TPMM,BLK 227A LOR 8 TOA PAYOH
TPMN,BLK 78B TOA PAYOH CENTRAL
TPMP,BLK 138 LORONG 1A TOA PAYOH
TPMQ,BLK 130 LORONG 1 TOA PAYOH
TPMR,BLK 261A TOA PAYOH EAST
TPM2,BLK 101C LORONG 2 TOA PAYOH
TPM3,BLK 171A LORONG 1 TOA PAYOH
TPM4,BLK 81C LORONG 4 TOA PAYOH
TPM5,BLK 84C LORONG 2 TOA PAYOH
TPM6,BLK 35A LORONG 5 TOA PAYOH
TPM7,BLK 120A LORONG 2 TOA PAYOH
TPM8,BLK 11A LORONG 8 TOA PAYOH
TPM9,BLK 10A LORONG 7 TOA PAYOH
TP10,BLK 68 LORONG 5 TOA PAYOH
TP12,BLK 71/72 LORONG 5 TOA PAYOH
TP14,BLK 63/64 LORONG 5 TOA PAYOH
TP15,BLK 53 TO 55 LORONG 5 TOA PAYOH
TP16,BLK 175/183 TO 185 TOA PAYOH TOWN CENTRE
TP17,BLK 177 TO 179 TOA PAYOH TOWN CENTRE
TP18,BLK 186/191 TO 193 TOA PAYOH TOWN CENTRE
TP2,BLK 85/A/B/C LORONG 4 TOA PAYOH
TP20,BLK 158-161/163/168-174 LORONG 1 TOA PAYOH
TP22,BLK 148 TO 150 LORONG 1 TOA PAYOH
TP27,BLK 125/126/131 LORONG 2 TOA PAYOH
TP3,BLK 66/70/73 LORONG 4 TOA PAYOH
TP3A,BLK 3A LORONG 7 TOA PAYOH
TP30,BLK 116/122 LORONG 1 TOA PAYOH
TP31,BLK 109/111 TO 115 LORONG 1 TOA PAYOH
TP32,BLK 107/108/110-112 LORONG 1 TOA PAYOH
TP33,BLK 205 TO 207 TOA PAYOH NORTH
TP34,BLK 49 TO 52 LORONG 5 TOA PAYOH
TP36,BLK 43 TO 48 LORONG 5/6 TOA PAYOH
TP39,BLK 28 TO 33 TOA PAYOH EAST
TP4A,BLK 4A LORONG 7 TOA PAYOH
TP40,BLK 241-259/25-27 KIM KEAT LINK/AVE
TP41,BLK 253/254/256 KIM KEAT AVENUE
TP43,BLK 19 TO 23 LORONG 7 TOA PAYOH
TP48,BLK 8 LORONG 7 TOA PAYOH
TP49,BLK 4/5 LORONG 7 TOA PAYOH
TP50,BLK 1 TO 3 LORONG 7 TOA PAYOH
TP52,BLK 210 TO 215 LORONG 8 TOA PAYOH
TP53,BLK 216 TO 221 LORONG 8 TOA PAYOH
TP54,BLK 222 TO 224 LORONG 8 TOA PAYOH
TP56,BLK 1 TO 21 LOR 8 INDUSTRIAL PARK
TP57,BLK 1002 TO 1004 LORONG 8 TOA PAYOH
TP59,BLK 1003/1004 TOA PAYOH INDUSTRIAL PK.
TP60,BLK 236 TO 240 TOA PAYOH LORONG 1
TP61,BLK 190 TOA PAYOH CENTRAL MSCP
TP62,BLK 199 TO 201 TOA PAYOH NORTH
TP63,BLK 202 TO 204 TOA PAYOH NORTH
TP64,BLK 199 & 203 TOA PAYOH NORTH
TP65,BLK 62B LORONG 4 TOA PAYOH
TP66,BLK 19 LOR 6 TOA PAYOH
TP67,BLK 25-27/257-259 KIM KEAT AVE
TP68,BLK 196 KIM KEAT AVE
TP7,BLK 100/103-106 LORONG 1 TOA PAYOH
TP8,BLK 91-96/98/100 LORONG 3 TOA PAYOH
TP8A,BLK 91-92 LOR 3/4 TOA PAYOH LOR 3 TOA PAYOH
TRM,BLK 14A KAMPONG ARANG ROAD
TRS,BLK 14 KAMPONG ARANG ROAD
TR1,BLK 102/107 TOWNER ROAD
TWM1,BLK 154A JALAN TECK WHYE
TWM2,BLK 158A JALAN TECK WHYE
TWM3,BLK 160A JALAN TECK WHYE
TWM4,BLK 165 TECK WHYE CRESCENT
TW1,BLK 25/26 TECK WHYE LANE
TW2,BLK 15-20 TECK WHYE LANE
TW3,BLK 8/11 TECK WHYE LANE
TW4,BLK 1/7 TECK WHYE AVENUE
TY1,BLK 1A TOH YI DRIVE
TY2,BLK 1/19 TOH YI DRIVE
TY3T,BLK 17/18 TOH YI DRIVE
TY4,BLK 21 TOH YI DRIVE
T1,BLK 101/108 TAMPINES ST 11
T11,BLK 149/151 TAMPINES STREET 12
T12,BLK 156/160 TAMPINES STREET 12
T13,BLK 161/166 TAMPINES STREET 12
T15,BLK 201A/201C TAMPINES STREET 21
T16,BLK 202/205 TAMPINES STREET 21
T17,BLK 201D/209/208A TAMPINES STREET 21
T18,BLK 201E TAMPINES STREET 21
T19,BLK 210/230 TAMPINES STREET 23
T20,BLK 231/238 TAMPINES STREET 21
T24,BLK 239/244 TAMPINES STREET 21
T25,BLK 245/248 TAMPINES STREET 21
T26,BLK 249/266 TAMPINES STREET 21
T27,BLK 251/253 TAMPINES STREET 21
T28,BLK 257/260 TAMPINES STREET 21
T29,BLK 255/264 TAMPINES STREET 21
T3,BLK 109/114 TAMPINES ST 11
T30,BLK 267/271 TAMPINES STREET 21
T31,BLK 268-270 TAMPINES STREET 21
T32,BLK 272-275 TAMPINES STREET 22
T33,BLK 276/282 TAMPINES STREET 22
T34,BLK 283/286 TAMPINES STREET 22
T35,BLK 287/298/299A/299B TAMPINES STREET 22
T37,"BLK 801, 820, 897/898 TAMPINES AVE 4/STREET 81"
T38,"BLK 902-916, 942-946 TAMPINES STREET 91"
T39,BLK 921-941 TAMPINES STREET 91
T4,BLK 124/127 TAMPINES STREET 11
T40,BLK 9001/9012 TAMPINES STREET 93
T41,BLK 821/829 TAMPINES STREET 81
T42,BLK 824/827 TAMPINES STREET 81
T43,BLK 831/841 TAMPINES STREET 83
T44,BLK 830/840 TAMPINES STREET 82
T45,BLK 843/855 TAMPINES STREET 83
T46,BLK 842/856 TAMPINES STREET 82
T47,BLK 857/864 TAMPINES STREET 83/AVE 5
T47A,BLK 864B TAMPINES STREET 83
T48,BLK 865/874A TAMPINES ST 83/84
T49,BLK 875/886A TAMPINES STREET 84 /AVE 8
T49A,BLK 882A TAMPINES STREET 83
T50,BLK 887-889 TAMPINES ST 81/AVENUE 3
T51,BLK 894-896 TAMPINES STREET 81
T54,BLK 513 TAMPINES CENTRAL 1
T55,BLK 501/508 TAMPINES CENTRAL 1
T56,BLK 827A TAMPINES ST 81
T57,BLK 885A TAMPINES ST 83
T58,BLK 872A TAMPINES ST 86
T7,BLK 136/138 TAMPINES ST 11
T7A,BLK 136A TAMPINES ST 11
T72,BLK 401/417 TAMPINES STREET 41
T73,BLK 418/424 TAMPINES STREET 41
T74,BLK 425/428 TAMPINES STREET 41
T75,BLK 429/432 TAMPINES STREET 41
T76,BLK 433/443 TAMPINES STREET 43
T77,BLK 472/484 TAMPINES STREET 43/44
T78,BLK 444/450 TAMPINES STREET 42
T79,BLK 451/460 TAMPINES STREET 42
T8,BLK 137/139 TAMPINES ST 11
T80,BLK 461/471 TAMPINES STREET 44
T81,BLK 485A/489C TAMPINES ST 45/AVE 9
T9,BLK 140/148 TAMPINES STREET 12
UAM1,BLK 2A JOO SENG RD
UA2,BLK 3 TO 5 UPPER ALJUNIED LANE
UA3,BLK 10/11/19 TO 21 JOO SENG ROAD
UA4,BLK 8 JOO SENG ROAD
UA5,BLK 12 TO 18 JOO SENG ROAD
UA6,BLK 2 UPPER ALJUNIED LANE
UBA4,UBI AVE 4
UBKM,BLK 13A UPPER BOON KENG ROAD
UBK2,BLK 11/15/18 UPPER BOON KENG
UBK4,BLK 19/20 UPPER BOON KENG
UBK5,BLK 38/39 UPPER BOON KENG
UBM1,BLK 5 UPP BOON KENG RD
UBM2,BLK 8 UPPER BOON KENG ROAD
UCS,BLK 34 UPPER CROSS STREET CAR PARK
U1,BLK 101/110 BUKIT BATOK WEST AVE 6
U10,BLK 178/184 BUKIT BATOK WEST AVENUE 8
U11,BLK 166 BUKIT BATOK WEST AVENUE 8
U12,BLK 201/211 BUKIT BATOK STREET 21
U13,BLK 212/230 BUKIT BATOK STREET 21
U14,BLK 217/219 BUKIT BATOK STREET 21
U15,BLK 231/237 BUKIT BATOK EAST AVENUE 5
U16,BLK 238/241 BUKIT BATOK EAST AVENUE 5
U17,BLK 242/253 BUKIT BATOK EAST AVE 2/5
U18,BLK 254/265 BUKIT BATOK EAST AVE 4
U19,BLK 266/284 BUKIT BATOK EAST AVE 3/4
U2,BLK 111/132 BUKIT BATOK WEST AVE 6
U20,BUKIT BATOK EAST AVE 2/6
U21,BLK 301/309 BUKIT BATOK STREET 31
U22,BLK 310/323 BUKIT BATOK STREET 32/33
U23,BLK 407-426 BUKIT BATOK WEST AVE 2/4
U24,BLK 324/336 BUKIT BATOK STREET 32/33
U24T,BLK 333/334 BUKIT BATOK WEST AVE 4
U25,BLK 337-353/355-356 BUKIT BATOK ST 34
U26,BLK 354/357-370 BUKIT BATOK ST 31
U27,BLK 371-373 BUKIT BATOK ST 31
U28,BLK 374-376 BUKIT BATOK ST 31
U29,BLK 376 BUKIT BATOK MSCP
U3,BLK 133/139 BUKIT BATOK WEST AVENUE 6
U30,BLK 523-525 BUKIT BATOK STREET 52
U31,BLKS 526-534 BUKIT BATOK STREET 51
U32,BLKS 512-514 BUKIT BATOK STREET 52
U33,BLKS 535-542 BUKIT BATOK STREET 51/52
U34,BLKS 501-511 BUKIT BATOK ST 52
U36,BLKS 2019-2024 BUKIT BATOK STREET 23
U38,BLK 185/187 BUKIT BATOK WEST AVENUE 6
U39,BLK 631 BUKIT BATOK CENTRAL
U4,BLK 140/143 BUKIT BATOK STREET 11
U40,BLK 644A BUKIT BATOK CENTRAL
U41,BLK 632/644 BUKIT BATOK CENTRAL
U41A,BLK 630 BT BATOK CENTRAL
U43,BLK 404A BUKIT BATOK WEST AVENUE 7
U45,BLK 285A BUKIT BATOK EAST AVE 3
U46,BLK 297 - 299 BUKIT BATOK ST 22 BUKIT BATOK STREET 22
U48,BLK 350 BUKIT BATOK STREET 32
U49,210A BUKIT BATOK STREET 21
U5,BLK 144/149 BUKIT BATOK WEST AVENUE 6
U50,BLK 230A BUKIT BATOK ST 21 BUKIT BATOK ST 21
U51,BLK 412A BUKIT BATOK WEST AVE 4
U52,BLK 194 BUKIT BATOK WEST AVE 6
U53,BLK 296 BUKIT BATOK ST 22
U54,241A BUKIT BATOK EAST AVE 5
U55,BLK 445 BUKIT BATOK WEST AVE 8
U56,BLK 443 BUKIT BATOK WEST AVE 8
U57,BLK 293 BUKIT BATOK ST 21
U58,BLK 448 BT BATOK WEST AVE 9
U59,BLK 292 BUKIT BATOK EAST AVE 6
U6,BLK 150/158 BUKIT BATOK STREET 11
U60,BLK 451 BUKIT BATOK WEST AVE 6
U61,BLK440 BUKIT BATOK WEST AVE 8
U62,BLK 453 BUKIT BATOK WEST AVE 6
U63,BLK 377A BUKIT BATOK ST 31
U64,BLK 461 BUKIT BATOK WEST AVE 8
U65,BLK 439 BUKIT BATOK WEST AVE 8
U66,BLK 436 BUKIT BATOK WEST AVE 5
U68,BLK 460 BUKIT BATOK WEST AVE 8
U7,BLK 159/164 BUKIT BATOK STREET 11
U70,BLK 463 BUKIT BATOK ST 41
U8,BLK 165/168 BUKIT BATOK WEST AVENUE 8
U9,BLK 169/177 BUKIT BATOK WEST AVENUE 8
WCB,BLK 261/262/264 WATERLOO BASEMENT CAR PARK
WCC,900 SOUTH WOODLANDS DR
WDB1,BLK 104 WHAMPOA DRIVE
W10,BLK 4/5 MARSILING ROAD
W100,BLK 537-547 WOODLANDS DRIVE 16
W101,BLK 686 WOODLANDS DRIVE 73
W102,BLK 687 WOODLANDS DRIVE 75
W103,BLK 766A WOODLANDS CIRCLE
W104,BLK 688 WOODLANDS DR 75
W105,BLK 689 WOODLANDS DR 75
W106,BLK 690 WOODLANDS DRIVE 75
W107,BLK 569A-569B CHAMPIONS WAY
W108,BLK 302A WOODLANDS STREET 31
W109,BLK 764B WOODLANDS CIRCLE
W11,BLK 22/27 MARSILING DRIVE
W11M,BLK 29A MARSILING DR
W12M,BLK 34A MARSILING DR
W13,BLK 201/206 MARSILING DRIVE
W14,BLK 210/218 MARSILING CRESCENT
W16,MARSILING INDUSTRIAL EST
W17,BLK 101-113 WOODLANDS ST 13
W18,BLK 114-133 MARSILING RISE
W181,BLK 181 MARSILING ROAD
W182,BLK 182 WOODLANDS STREET 13
W185,BLK 185 WOODLANDS STREET 13
W19,BLK 134-143 MARSILING RD
W20,BLK 144-166 WOODLANDS ST 13
W21,BLK 167-179 WOODLANDS ST 13
W23,BLK 336-350 WOODLANDS STREET 32
W23T,BLK 344 WOODLANDS STREET 32
W24,BLK 321-335 WOODLANDS STREET 32
W25,BLK 307-320 WOODLANDS AVENUE 1
W26,BLK 301/302 WOODLANDS ST 31
W27,BLK 303 WOODLANDS ST 31
W28,BLK 304/305 WOODLANDS ST 31
W29,BLK 306/306A WOODLANDS ST 31
W3,BLK 4A/6A WOODLANDS CENTRE ROAD
W30,BLK 305 WOODLANDS ST 31
W36,BLK 801-810 WOODLANDS STREET 81
W37,BLK 816-821 WOODLANDS STREET 82
W39,BLK 830-836 WOODLANDS STREET 83
W4,BLK 6/7 MARSILING DRIVE
W4M,BLK 7A MARSILING DRIVE
W40,BLK 837-850 WOODLANDS STREET 82
W41,BLK 851-856 WOODLANDS STREET 83
W43,BLK 406A WOODLANDS STREET 41
W44,BLK 413A WOODLANDS STREET 41
W45,BLK 421A WOODLANDS STREET 41
W46,BLK 426A WOODLANDS STREET 41
W47,WOODLANDS INDUSTRIAL PARK E
W48,BLK 874A WOODLANDS STREET 81
W49,BLK 839A WOODLANDS STREET 82
W5,BLK 10/13 MARSILING LANE
W5M,BLK 13A MARSILING LANE
W50,BLK 846A WOODLANDS AVENUE 4
W505,BLK 505A WOODLANDS DRIVE 14
W509,BLK 509A WOODLANDS DRIVE 14
W51,BLK 866A WOODLANDS STREET 83
W516,BLK 516A WOODLANDS DRIVE 14
W517,BLK 517A WOODLANDS DRIVE 14
W519,BLK 519A WOODLANDS DRIVE 14
W52,BLK 823A WOODLANDS STREET 82
W521,BLK 521A WOODLANDS DRIVE 14
W523,BLK 523A WOODLANDS DRIVE 14
W525,BLK 525A WOODLANDS DRIVE 14
W527,BLK 527A WOODLANDS DRIVE 14
W53,BLK 881A WOODLANDS STREET 82
W536,BLK 536A WOODLANDS DRIVE 14
W54,BLK 824A WOODLANDS STREET 81
W546,BLK 546A WOODLANDS DRIVE 16
W549,BLK 549A WOODLANDS DRIVE 44
W55,BLK 859A WOODLANDS STREET 83
W554,BLK 554A WOODLANDS DRIVE 53
W56,BLK 891C WOODLANDS DRIVE 50
W57,BLK 892C WOODLANDS DRIVE 50
W570,BLK 570 WOODLANDS AVENUE 1
W574,BLK 574 WOODLANDS DRIVE 16
W578,BLK 578A WOODLANDS DRIVE 16
W579,BLK 579A WOODLANDS DRIVE 16
W58,BLK 895D WOODLANDS DRIVE 50
W586,BLK 586A WOODLANDS DRIVE 16
W588,BLK 588A WOODLANDS DRIVE 16
W59,BLK 897D WOODLANDS DRIVE 50
W6,BLK 15/16 MARSILING LANE
W60,WOODLANDS AVENUE 5
W61,BLK 358A WOODLANDS AVENUE 5
W62,BLK 354A WOODLANDS AVENUE 1
W63,BLK 371A WOODLANDS AVENUE 1
W64,BLK 605A WOODLANDS DRIVE 42
W65,BLK 701A WOODLANDS DRIVE 40
W66,BLK 709A WOODLANDS DRIVE 70
W67,BLK 714A WOODLANDS DRIVE 70
W676,BLK 676 WOODLANDS DRIVE 71
W68,BLK 718A WOODLANDS AVENUE 6
W69,BLK 721A WOODLANDS AVENUE 6
W691,BLK 691 WOODLANDS DRIVE 73
W693,BLK 693 WOODLANDS AVE 6
W694,BLK 694 WOODLANDS DR 62
W7,BLK 17/21 MARSILING LANE
W70,BLK 739A WOODLANDS CIRCLE
W71,BLK 728A WOODLANDS CIRCLE
W717,BLK 717C WOODLANDS DRIVE 70
W72,BLK 792A WOODLANDS AVENUE 6
W73,BLK 796A WOODLANDS DRIVE 72
W74,BLK 737A WOODLANDS CIRCLE
W75,BLK 747A WOODLANDS CIRCLE
W76,BLK 748A WOODLANDS CIRCLE
W77,BLK 757A WOODLANDS AVENUE 4
W78,BLK 759A WOODLANDS AVENUE 6
W780,BLK 780 WOODLANDS CRESCENT
W782,BLK 782 WOODLANDS CRESCENT
W783,BLK 783 WOODLANDS RISE
W785,BLK 785 WOODLANDS RISE
W79,BLK 773A WOODLANDS DRIVE 60
W8M,BLK 2A MARSILING DRIVE
W80,BLK 775A WOODLANDS CRESCENT
W81,BLK 786A WOODLANDS DRIVE 60
W82,BLK 787A WOODLANDS CRESCENT
W83,BLK 608A WOODLANDS RING ROAD
W84,BLK 614A WOODLANDS AVENUE 4
W85,BLK 622A WOODLANDS DRIVE 52
W86,BLK 644A WOODLANDS RING ROAD
W87,BLK 649A WOODLANDS RING ROAD
W88,BLK 656A WOODLANDS RING ROAD
W887,BLK 887 WOODLANDS DR 50
W889,BLK 889 WOODLANDS DRIVE 50
W89,BLK 661A WOODLANDS RING ROAD
W90,BLK 626A WOODLANDS DRIVE 52
W91,BLK 630A WOODLANDS RING ROAD
W92,BLK 633A WOODLANDS RING ROAD
W93,BLK 639A WOODLANDS RING ROAD
W94,BLK 678A WOODLANDS AVENUE 6
W95,BLK 788A WOODLANDS CRESCENT
W96,BLK 667A WOODLANDS RING ROAD
W97,BLK 671A WOODLANDS DRIVE 71
W98,BLK 681 WOODLANDS DRIVE 62
W99,BLK 685 WOODLANDS DRIVE 73
YHS,BLK 11/12/13 YORK HILL CAR PARK
Y1,BLK 101/102 YISHUN AVE 5
Y10,BLK 753/774 YISHUN STREET 72/AVENUE 3
Y11,BLK 717/730 YISHUN STREET 71
Y12,"BLK 165/167,170/175 YISHUN RING ROAD/AVENUE 7"
Y13,"BLK 201/202, 207/212 YISHUN STREET 21"
Y14,"BLK 203/206, 213/222 YISHUN STREET 21"
Y14A,BLK 223/226 YISHUN STREET 21
Y15,BLK 227/235 YISHUN STREET 21
Y16,BLK 238/242 YISHUN RING ROAD
Y16A,BLK 236/238 YISHUN RING ROAD
Y17,BLK 243/257 YISHUN RING ROAD/AVENUE 9
Y18,BLK 258/264 YISHUN STREET 22
Y19,BLK 265/289 YISHUN STREET 22/AVENUE 6
Y2,BLK 103/111 YISHUN RING ROAD
Y20,BLK 293/294 YISHUN STREET 22
Y21,BLK 290/292 YISHUN STREET 22
Y21A,BLK 290/292 YISHUN ST 22
Y21M,BLK 296A YISHUN STREET 20
Y22,"BLK 1001/1019,1023/1024 YISHUN INDUSTRIAL PARK A"
Y23,BLK 775-794 YISHUN RING RD/AVENUE 2
Y24,BLK 795-799 YISHUN RING ROAD
Y25,BLK 800-812 YISHUN RING ROAD
Y25M,813 YISHUN RING ROAD
Y26,BLK 816/820 YISHUN STREET 81
Y27,BLK 821/830 YISHUN STREET 81
Y28,BLK 832/841 YISHUN STREET 81
Y28M,BLK 840A YISHUN STREET 81
Y29,BLK 846 YISHUN RING ROAD
Y3,BLK 112/120 YISHUN RING ROAD
Y3M,BLK 115A/115B/115C YISHUN RING ROAD
Y30,BLK 848 YISHUN STREET 81
Y30M,BLK 848A YISHUN STREET 81
Y31,BLK 850/855 YISHUN STREET 81/RING ROAD
Y32,BLK 858/864 YISHUN AVE 4
Y33,BLK 602-605 YISHUN STREET 61
Y34,BLK 606-631 YISHUN STREET 61/RING ROAD
Y34A,BLK 614-618 YISHUN STREET 61
Y35,BLK 632/641 YISHUN STREET 61
Y36,BLK 642/643 YISHUN STREET 61
Y37,BLK 644/647 YISHUN STREET 61
Y38,BLK 650/661 YISHUN AVENUE 4
Y39,"BLK 662/666,666A TO 666B YISHUN AVENUE 4"
Y4,BLK 121/143 YISHUN STREET 11/RING ROAD
Y4T,BLK 137 YISHUN RING RD
Y40,BLK 865/880 YISHUN STREET 81
Y41,BLK 302-314 YISHUN CENTRAL/RING ROAD
Y41M,BLK 307 YISHUN RING ROAD/CENTRAL
Y43,BLK 320-332 YISHUN CENTRAL/RING ROAD
Y45,BLK 343-346 YISHUN AVENUE 11
Y45M,BLK 347 YISHUN AVE 11
Y46,BLK 349-359 YISHUN RING ROAD
Y47,BLK 360-367 YISHUN RING ROAD
Y48,BLK 386-399 YISHUN RING ROAD/AVENUE 6
Y48M,BLK 385 YISHUN RING/AVENUE 6
Y49,BLK 401/414 YISHUN RING ROAD/AVENUE 6
Y49L,BLK 418/419 YISHUN AVE 11
Y49M,BLK 419A YISHUN AVENUE 11
Y5,BLK 144/149 YISHUN STREET 11
Y51,"BLK 423/427, 433/440 YISHUN AVE 6/AVE 11"
Y51M,BLK 441 YISHUN AVE 11
Y52M,BLK 456A YISHUN ST 41
Y53M,BLK 426 YISHUN AVE 11
Y54M,BLK 925 YISHUN CENTRAL 1
Y56,"BLK 926/932,934/935 YISHUN CENTRAL 1"
Y57,BLK 415/417 YISHUN RING ROAD/AVENUE 11
Y58,162 YISHUN STREET 11
Y59M,BLK 429 YISHUN AVE 11
Y6,BLK 150/161 YISHUN STREET 11
Y60M,BLK 430 YISHUN AVE 11
Y61M,BLK 431 YISHUN AVE 1
Y62M,BLOCK 342 YISHUN RING ROAD
Y63M,BLK 333 YISHUN ST 31
Y64M,BLK 334 YISHUN ST 31
Y65M,BLK 315 YISHUN AVE 9
Y66M,BLK 317 YISHUN AVE 9
Y67,"BLK 269A, 269B YISHUN ST 22"
Y68L,"BLKS 504A, 504B, 504C, 504D YISHUN ST 51"
Y68M,BLK 504 YISHUN ST 51
Y69L,"BLKS 513A, 513B, 513C YISHUN ST 51"
Y69M,BLK 513 YISHUN STREET 51
Y7,BLK 701/716 & 701B YISHUN AVENUE 5
Y70M,BLK 506 YISHUN AVE 4
Y71M,BLK 501 YISHUN ST 51
Y72M,512 YISHUN STREET 51
Y73M,BLOCK 671 YISHUN AVENUE 4
Y74M,BLOCK 673 YISHUN AVENUE 4
Y75M,BLOCK 674 YISHUN AVENUE 4
Y76M,BLOCK 676 YISHUN RING ROAD
Y77L,"BLKS 462A, 462B YISHUN AVENUE 6"
Y77M,BLK 461 YISHUN AVENUE 6
Y78M,BLK 468 YISHUN ST 43
Y8,"BLK 731/746 YISHUN STREET 71,72/AVENUE 5"
Y9,BLK 747/752 YISHUN STREET 72
